cif_file,normal_atoms,normal_formula,norm_duplicate,min_atoms,min_formula,min_duplicate
CIRSEF.cif,940,C476 H388 N8 O64 Zn4,no,204,C98 H85 N3 O16 Zn2,no
CIRSAB.cif,940,C476 H388 N8 O64 Zn4,yes,204,C98 H85 N3 O16 Zn2,yes
EFESEP.cif,833,C384 H330 O114 Zn5,no,297,C138 H112 O42 Zn5,no
QUSBIP.cif,737,C360 H276 N24 O73 Zn4,no,206,C95 H75 N9 O23 Zn4,no
RUMWUS.cif,685,C297 H276 O108 Zn4,no,139,C61 H52 O24 Zn2,no
ZEYRED.cif,649,C288 H264 O96 Zn1,no,204,C88 H84 O31 Zn1,no
RUNXUV.cif,631,C272 H276 N16 O64 Zn3,no,182,C83 H72 N2 O22 Zn3,no
IHABAW.cif,569,C288 H204 N24 O49 Zn4,no,168,C83 H58 N4 O19 Zn4,no
FIZPUB.cif,566,C288 H178 O96 Zn4,no,137,C69 H44 O22 Zn2,no
ZEJFAY.cif,566,C264 H190 N12 O96 Zn4,no,137,C65 H46 N2 O22 Zn2,no
CAQPUI.cif,564,C300 H212 O48 Zn4,no,139,C71 H52 O14 Zn2,no
CIYHOK.cif,557,C246 H270 N12 O26 Zn3,no,165,C76 H68 N2 O16 Zn3,no
YONNUL.cif,534,C238 H212 N8 O72 Zn4,no,143,C64 H54 N2 O21 Zn2,no
GUVBOQ.cif,525,C243 H170 O109 Zn3,no,195,C83 H64 O45 Zn3,no
ETIXIQ.cif,510,C290 H180 N8 O28 Zn4,no,213,C123 H77 N3 O8 Zn2,no
NUFBOH.cif,506,C220 H160 O122 Zn4,no,146,C69 H52 O23 Zn2,no
JENKIX.cif,501,C270 H190 O38 Zn3,no,161,C80 H60 O18 Zn3,no
HUQHIM.cif,498,C256 H188 N12 O38 Zn4,no,146,C72 H56 N2 O14 Zn2,yes
HUQHOS.cif,490,C254 H186 N10 O36 Zn4,no,148,C72 H58 N2 O14 Zn2,no
ABINIM.cif,488,C264 H172 O48 Zn4,no,125,C65 H44 O14 Zn2,no
FOMWOV.cif,468,C240 H112 N16 O96 Zn4,no,124,C58 H38 N6 O20 Zn2,no
ZEXTEF.cif,458,C216 H180 N56 O2 Zn4,yes,105,C42 H43 N17 O1 Zn2,yes
BOXBAT.cif,454,C216 H176 N56 O2 Zn4,no,103,C42 H41 N17 O1 Zn2,no
CESQUP.cif,454,C210 H160 O70 P10 Zn4,no,127,C54 H50 O15 P6 Zn2,no
PURJES.cif,454,C198 H180 O72 Zn4,yes,123,C54 H46 O21 Zn2,yes
PIBPAS.cif,454,C218 H149 N27 O57 Zn3,no,174,C82 H61 N3 O25 Zn3,no
PURJIW.cif,454,C198 H180 O72 Zn4,yes,123,C54 H46 O21 Zn2,yes
CAWVIH.cif,453,C234 H172 N6 O38 Zn3,no,153,C74 H57 N1 O18 Zn3,no
KEDQAN.cif,453,C234 H172 N6 O38 Zn3,yes,153,C74 H57 N1 O18 Zn3,yes
PIDMEV.cif,448,C210 H164 N10 O60 Zn4,no,130,C56 H50 N6 O16 Zn2,no
GAWMOJ.cif,446,C198 H172 O72 Zn4,no,121,C54 H44 O21 Zn2,no
LITDAV.cif,446,C204 H166 O72 Zn4,no,117,C55 H42 O18 Zn2,no
WUPZOY.cif,436,C192 H144 O96 Zn4,no,112,C52 H38 O20 Zn2,no
YAVZUT.cif,432,C180 H188 O60 Zn4,yes,115,C51 H46 O16 Zn2,no
KAWHEY.cif,424,C198 H132 N54 O37 Zn3,no,154,C68 H52 N14 O17 Zn3,no
CIRFIW.cif,420,C211 H162 N8 O35 Zn4,no,107,C52 H40 N2 O11 Zn2,no
JUCGUL.cif,416,C216 H156 N8 O32 Zn4,no,131,C65 H48 N2 O14 Zn2,no
CIRDIU.cif,413,C211 H162 N8 O28 Zn4,no,106,C52 H40 N2 O10 Zn2,no
CIRCOZ.cif,413,C211 H162 N8 O28 Zn4,yes,106,C52 H40 N2 O10 Zn2,yes
CIRDUG.cif,413,C211 H162 N8 O28 Zn4,yes,106,C52 H40 N2 O10 Zn2,yes
CIRFAO.cif,413,C211 H162 N8 O28 Zn4,yes,106,C52 H40 N2 O10 Zn2,yes
CIRDAM.cif,413,C211 H162 N8 O28 Zn4,yes,106,C52 H40 N2 O10 Zn2,yes
CIRFUI.cif,413,C211 H162 N8 O28 Zn4,yes,106,C52 H40 N2 O10 Zn2,yes
CIRGAP.cif,413,C211 H162 N8 O28 Zn4,yes,106,C52 H40 N2 O10 Zn2,yes
AVESOL.cif,412,C184 H144 O80 Zn4,no,109,C51 H38 O18 Zn2,no
BICKIL.cif,409,C180 H102 N90 O36 Zn1,no,114,C45 H37 N25 O6 Zn1,no
IQOJAB.cif,400,C200 H148 N16 O32 Zn4,no,122,C56 H47 N7 O10 Zn2,no
NUCPEI.cif,398,C184 H128 O82 Zn4,no,108,C51 H36 O19 Zn2,yes
RISJIQ.cif,396,C204 H140 O48 Zn4,no,109,C55 H38 O14 Zn2,no
TONQOD.cif,396,C204 H140 O48 Zn4,yes,109,C55 H38 O14 Zn2,yes
GAHWIX.cif,389,C180 H132 N18 O55 Zn4,no,149,C65 H52 N8 O20 Zn4,no
OWEBEA.cif,389,C180 H132 N18 O55 Zn4,yes,149,C65 H52 N8 O20 Zn4,yes
JAZKII.cif,384,C170 H140 N30 O40 Zn4,no,105,C47 H38 N6 O12 Zn2,no
NAWXER.cif,384,C192 H128 N12 O48 Zn4,no,107,C53 H36 N2 O14 Zn2,no
JATSOP.cif,382,C180 H128 N20 O50 Zn4,no,183,C79 H67 N11 O22 Zn4,no
AVEQID.cif,381,C176 H132 N8 O64 Zn1,no,140,C65 H50 N2 O22 Zn1,no
AVIMOI.cif,380,C180 H136 O60 Zn4,no,110,C51 H38 O19 Zn2,no
ESASAU.cif,380,C144 H148 N24 O60 Zn4,no,121,C47 H54 N10 O8 Zn2,no
POLYEW.cif,380,C184 H154 N6 O32 Zn4,no,119,C57 H49 N3 O8 Zn2,no
VAZHEM.cif,380,C196 H142 N6 O32 Zn4,no,119,C61 H45 N3 O8 Zn2,yes
MATXAJ.cif,378,C156 H122 N36 O60 Zn4,no,128,C54 H44 N10 O18 Zn2,no
NIYZIG.cif,378,C168 H140 O58 P8 Zn4,no,171,C69 H68 O22 P8 Zn4,no
BECTAH.cif,376,C184 H142 N6 O40 Zn4,no,119,C57 H45 N3 O12 Zn2,no
ESAROH.cif,371,C141 H142 N24 O60 Zn4,no,118,C46 H52 N10 O8 Zn2,no
IGUFOH.cif,371,C195 H137 N5 O30 Zn4,no,103,C53 H37 N1 O10 Zn2,no
ERULEK.cif,368,C176 H136 N28 O24 Zn4,no,116,C54 H43 N9 O8 Zn2,no
CEPYOP.cif,365,C162 H164 N6 O32 Zn1,no,184,C81 H81 N3 O18 Zn1,no
FUNLAD.cif,360,C184 H136 N4 O32 Zn4,no,119,C61 H45 N3 O8 Zn2,no
ZETLER.cif,356,C172 H134 N6 O40 Zn4,no,111,C53 H41 N3 O12 Zn2,no
CADCOD.cif,355,C173 H142 N8 O28 Zn4,no,120,C55 H50 N2 O11 Zn2,no
CAXZIO.cif,355,C183 H128 N12 O28 Zn4,no,154,C82 H57 N5 O8 Zn2,no
CAXZEK.cif,355,C183 H128 N12 O28 Zn4,yes,154,C82 H57 N5 O8 Zn2,yes
JENKET.cif,355,C190 H134 N2 O26 Zn3,no,153,C76 H58 N2 O14 Zn3,no
YOZQAG.cif,354,C168 H92 O75 S12 Zn7,no,313,C157 H106 O31 S12 Zn7,no
VAZHOW.cif,352,C184 H128 N4 O32 Zn4,yes,115,C61 H41 N3 O8 Zn2,yes
REBCAE.cif,346,C156 H146 O40 Zn4,no,128,C57 H52 O17 Zn2,no
WIHWAN.cif,345,C143 F42 H120 N8 O28 Zn4,no,122,C50 F6 H50 N4 O10 Zn2,no
LUTBUA.cif,344,C144 H124 O73 Zn3,no,133,C59 H48 O23 Zn3,yes
ETIXEM.cif,340,C180 H120 N4 O32 Zn4,no,125,C67 H45 N3 O8 Zn2,no
MUJNAJ.cif,338,C154 H128 N12 O40 Zn4,yes,105,C47 H39 N5 O12 Zn2,yes
YASVUM.cif,338,C133 H117 N21 O63 Zn4,no,98,C40 H35 N5 O16 Zn2,no
FAYPIG.cif,335,C141 H136 N18 O36 Zn4,no,139,C60 H48 N18 O9 Zn4,no
KUKZOH.cif,335,C144 H114 N36 O37 Zn4,no,140,C59 H49 N11 O17 Zn4,no
MUJMUC.cif,334,C154 H124 N12 O40 Zn4,no,105,C47 H39 N5 O12 Zn2,no
NIPFUQ.cif,334,C154 H124 N12 O40 Zn4,yes,105,C47 H39 N5 O12 Zn2,yes
OLOPIQ.cif,334,C154 H124 N12 O40 Zn4,yes,105,C47 H39 N5 O12 Zn2,yes
IZEWAN.cif,332,C162 H112 O54 Zn4,no,102,C48 H34 O18 Zn2,no
USORUR.cif,332,C162 H110 O56 Zn4,no,134,C62 H42 O26 Zn4,no
OGOWAJ.cif,331,C159 H132 N8 O28 Zn4,no,133,C69 H50 N2 O10 Zn2,no
ROMQER.cif,330,C126 H138 O63 Zn3,no,141,C56 H54 O28 Zn3,no
ALEJIM.cif,324,C132 H104 N24 O60 Zn4,no,131,C54 H45 N9 O21 Zn2,no
HAMJOW.cif,324,C140 H110 N20 O50 Zn4,no,104,C45 H39 N7 O11 Zn2,no
UWELIS.cif,324,C140 H110 N20 O50 Zn4,yes,104,C45 H39 N7 O11 Zn2,yes
GITPIK.cif,322,C126 H108 N36 O48 Zn4,no,112,C38 H39 N19 O14 Zn2,no
SEKNAA.cif,320,C144 H118 N6 O48 Zn4,no,99,C45 H36 N2 O14 Zn2,yes
PUWDOA.cif,318,C162 H116 O37 Zn3,no,128,C62 H46 O17 Zn3,no
CIWROT.cif,317,C162 H114 O37 Zn4,no,127,C62 H44 O17 Zn4,no
HOKLIE.cif,317,C151 H105 N7 O50 Zn4,no,110,C50 H38 N4 O16 Zn2,no
VOLQOD.cif,317,C162 H114 O37 Zn4,yes,127,C62 H44 O17 Zn4,yes
KEQJEX.cif,316,C176 H104 O32 Zn4,no,123,C65 H42 O14 Zn2,yes
KUJZAT.cif,316,C176 H104 O32 Zn4,yes,123,C65 H42 O14 Zn2,yes
ROMQAN.cif,314,C126 H124 O60 Zn4,no,99,C42 H36 O19 Zn2,no
EQUYOH.cif,312,C138 H98 O72 Zn4,no,99,C44 H32 O21 Zn2,no
HUJXUI.cif,312,C138 H98 O72 Zn4,yes,99,C44 H32 O21 Zn2,yes
NEBNOZ.cif,312,C156 H114 N6 O32 Zn4,no,131,C69 H49 N3 O8 Zn2,no
SIMGEE.cif,312,C156 H108 N12 O32 Zn4,no,131,C69 H47 N5 O8 Zn2,no
BOMCOX.cif,311,C146 H110 N16 O35 Zn4,no,97,C45 H34 N2 O14 Zn2,no
SOPLEQ.cif,310,C145 H111 N15 O35 Zn4,no,101,C46 H37 N5 O11 Zn2,no
HIXJUW.cif,308,C112 H152 N16 O24 Zn4,no,133,C49 H69 N5 O8 Zn2,no
XENDIH.cif,304,C155 H110 N4 O32 Zn3,no,136,C65 H50 N2 O16 Zn3,no
KAYJUS.cif,303,C139 F18 H98 N6 O32 S6 Zn4,no,120,C58 F6 H41 N3 O8 S2 Zn2,no
PUQXUV.cif,303,C136 F48 H84 O32 Zn3,no,141,C66 F6 H48 O18 Zn3,no
PUQYAC.cif,303,C136 F48 H84 O32 Zn3,yes,141,C66 F6 H48 O18 Zn3,yes
WEPRER.cif,303,C144 H120 N12 O24 Zn3,no,252,C129 H94 N12 O14 Zn3,no
YAPXIX.cif,303,C136 F48 H84 O32 Zn3,yes,141,C66 F6 H48 O18 Zn3,yes
RUYHAX.cif,301,C128 H96 O66 S8 Zn3,no,152,C65 H52 O24 S8 Zn3,no
ADASOP.cif,300,C132 H104 O60 Zn4,no,122,C54 H42 O24 Zn2,no
MARNUR.cif,299,C126 H105 N21 O44 Zn3,no,136,C55 H50 N10 O18 Zn3,no
NEVJOP.cif,298,C112 H118 N14 O50 Zn4,no,173,C69 H70 N10 O20 Zn4,no
YOZQEK.cif,296,C140 H78 O62 S10 Zn6,no,261,C131 H88 O26 S10 Zn6,no
OREZUI.cif,295,C144 H94 O50 Zn7,no,252,C133 H84 O28 Zn7,no
OVICUS.cif,294,C120 H90 N20 O40 S20 Zn4,no,99,C40 H33 N7 O10 S7 Zn2,no
VIVXOP.cif,294,C145 H102 N8 O35 Zn4,no,95,C46 H34 N2 O11 Zn2,no
HUNHUW.cif,293,C100 H113 N25 O51 Zn4,no,107,C34 H38 N12 O21 Zn2,no
NIFXIM.cif,292,C148 H108 N8 O24 Zn4,no,99,C49 H37 N3 O8 Zn2,no
QUQWUW.cif,292,C120 H92 N20 O56 Zn4,no,103,C41 H36 N10 O14 Zn2,no
EWESOP.cif,289,C138 H104 N8 O35 Zn4,no,97,C45 H34 N2 O14 Zn2,yes
HEDCEA.cif,289,C138 H104 N8 O35 Zn4,yes,97,C45 H34 N2 O14 Zn2,yes
OMIPAD.cif,289,C152 H116 N12 O8 Zn1,no,144,C75 H57 N7 O4 Zn1,no
TOXHAR.cif,289,C132 H120 O36 Zn1,no,128,C57 H52 O18 Zn1,no
ATAYAX.cif,288,C132 F6 H92 N6 O48 Zn4,no,91,C43 F1 H30 N1 O14 Zn2,no
GAFROX.cif,288,C132 H98 N6 O48 Zn4,no,91,C43 H31 N1 O14 Zn2,no
DURDIF.cif,286,C132 H100 O50 Zn4,no,92,C43 H32 O15 Zn2,no
BINRUN.cif,285,C156 H104 O24 Zn1,no,135,C72 H50 O12 Zn1,no
FIZPOV.cif,285,C144 H92 O48 Zn1,no,125,C62 H42 O20 Zn1,no
UBULIO.cif,285,C136 H106 N2 O37 Zn4,no,131,C62 H46 N2 O17 Zn4,no
DIDDOK.cif,284,C136 H100 N4 O40 Zn4,no,97,C45 H34 N2 O14 Zn2,yes
MUNNUF.cif,284,C144 H88 N8 O40 Zn4,no,139,C73 H46 N6 O12 Zn2,no
BUYNAL.cif,283,C120 H126 N24 O12 Zn1,no,92,C35 H40 N14 O2 Zn1,no
GATSAY.cif,282,B40 C88 H116 N8 O26 Zn4,no,145,B10 C57 H57 N5 O12 Zn4,no
OJIWIO.cif,282,C136 H86 N12 O44 Zn4,no,115,C57 H38 N6 O12 Zn2,no
OJIWAG.cif,282,C136 H86 N12 O44 Zn4,yes,115,C57 H38 N6 O12 Zn2,yes
PEGCIP.cif,279,C136 H94 O32 S16 Zn1,no,114,C55 H40 O14 S4 Zn1,no
EFUTEH.cif,278,C124 H98 N14 O38 Zn4,no,95,C42 H35 N5 O11 Zn2,no
LINQIL.cif,277,C136 H100 N8 O32 Zn1,no,112,C55 H40 N2 O14 Zn1,no
HIFGIO.cif,276,C132 H114 O27 Zn3,no,127,C57 H50 O17 Zn3,no
MUDTAH.cif,276,C144 H80 O48 Zn4,no,113,C57 H36 O18 Zn2,no
QAVWAN.cif,276,C132 H102 N6 O32 Zn4,no,119,C61 H45 N3 O8 Zn2,yes
DAWCIP.cif,275,C132 H102 O37 Zn4,no,120,C57 H42 O17 Zn4,no
IRELAU.cif,272,C132 H88 O48 Zn4,no,89,C43 H30 O14 Zn2,no
QAQBAO.cif,271,C126 H100 O36 P6 Zn3,no,127,C56 H46 O16 P6 Zn3,no
MUVLUM.cif,270,C112 H74 N8 O60 S12 Zn4,no,131,C54 H50 N2 O15 S8 Zn2,no
MAQBEO.cif,269,C108 H108 O49 Zn4,no,128,C53 H42 O29 Zn4,no
COGNAO.cif,268,C126 H90 O43 P6 Zn3,no,135,C56 H52 O18 P6 Zn3,no
GEFTET.cif,268,C126 H96 N6 O37 Zn3,no,120,C56 H41 N3 O17 Zn3,no
SOPLAM.cif,268,C128 H96 N12 O28 Zn4,no,95,C45 H35 N3 O10 Zn2,no
IJODES.cif,265,C83 H103 N23 O54 Zn2,no,153,C45 H52 N20 O34 Zn2,no
AMILUE.cif,264,C108 H108 N16 O28 Zn4,no,133,C57 H56 N8 O10 Zn2,no
GASSUR.cif,264,C110 H90 N20 O40 Zn4,no,102,C42 H38 N8 O12 Zn2,no
LUGFOL.cif,264,C108 H80 N24 O48 Zn4,no,116,C48 H39 N9 O18 Zn2,no
MIMSOS.cif,264,C108 H108 N16 O28 Zn4,yes,131,C57 H54 N8 O10 Zn2,yes
ZINDAD.cif,264,C108 H80 N24 O48 Zn4,yes,116,C48 H39 N9 O18 Zn2,yes
AMIMAL.cif,262,C108 H106 N16 O28 Zn4,yes,128,C56 H54 N8 O8 Zn2,no
AMILOY.cif,262,C108 H106 N16 O28 Zn4,yes,131,C57 H54 N8 O10 Zn2,yes
MIMSIM.cif,262,C108 H106 N16 O28 Zn4,yes,131,C57 H54 N8 O10 Zn2,yes
AVIMIC.cif,261,C120 H100 O40 Zn1,no,113,C51 H42 O19 Zn1,no
LILWIQ.cif,261,C119 H74 O65 Zn3,no,127,C59 H42 O23 Zn3,no
PIHNUQ.cif,260,C108 H102 N6 O40 Zn4,no,105,C47 H41 N3 O12 Zn2,no
BOCLAJ.cif,259,C130 H80 N12 O33 Zn4,no,217,C116 H68 N12 O17 Zn4,no
UVUQAE.cif,259,C122 H86 N12 O35 Zn4,no,75,C35 H24 O14 Zn2,yes
QOYYOU.cif,257,C112 H84 O57 Zn4,no,125,C58 H42 O21 Zn4,no
BIGWOG.cif,256,C108 H72 N12 O60 Zn4,no,96,C41 H29 N3 O21 Zn2,no
IFAGON.cif,254,C94 H120 N8 O28 Zn4,no,109,C43 H50 N4 O10 Zn2,no
PACDAC.cif,254,C80 H134 N8 O28 Zn4,no,127,C41 H70 N4 O10 Zn2,yes
SITDEH.cif,254,C104 H90 N2 O54 Zn4,no,91,C38 H33 N1 O17 Zn2,no
ASINAT.cif,252,C129 H95 N9 O18 Zn1,no,115,C58 H44 N2 O10 Zn1,no
FEFDEB.cif,252,C108 H108 N8 O24 Zn4,no,113,C47 H50 N4 O10 Zn2,no
GERNOI.cif,251,C92 H106 N16 O36 Zn1,no,142,C55 H60 N8 O18 Zn1,no
ICODIP.cif,249,C108 H68 N24 O48 Zn1,no,111,C48 H35 N9 O18 Zn1,no
OWUHOF.cif,248,C120 H88 N4 O32 Zn4,no,119,C61 H45 N3 O8 Zn2,yes
KAFYAT.cif,247,C102 H92 O50 Zn3,no,119,C52 H44 O20 Zn3,no
TEMPAE.cif,245,C108 H108 O25 Zn4,yes,114,C53 H42 O15 Zn4,no
RELLAW.cif,244,C120 H84 N4 O32 Zn4,yes,117,C61 H43 N3 O8 Zn2,yes
ZEDROR.cif,243,C97 H98 N12 O32 Zn4,no,98,C42 H40 N6 O8 Zn2,no
AZIXUD.cif,242,C102 H76 O60 Zn4,no,87,C38 H28 O19 Zn2,no
KANDAG.cif,240,C112 F6 H80 N6 O32 Zn4,no,99,C49 F2 H35 N3 O8 Zn2,yes
PUWCUF.cif,236,C84 H100 O48 Zn4,no,125,C47 H62 O14 Zn2,no
CEFKAC.cif,235,C126 F30 H60 N18 Zn1,no,120,C57 F10 H41 N11 Zn1,no
PUQHIT.cif,235,C96 H86 N6 O44 Zn3,no,151,C66 H58 N4 O20 Zn3,no
XAWDOR.cif,234,C110 H80 N4 O36 Zn4,no,87,C41 H31 N1 O12 Zn2,no
EDUWAB.cif,233,C120 H84 O25 Zn4,no,112,C55 H38 O15 Zn4,no
DUPKAC.cif,233,C120 H84 O25 Zn4,yes,112,C55 H38 O15 Zn4,yes
ODUNEH.cif,233,C112 H82 O34 Zn5,no,132,C63 H44 O20 Zn5,no
PEYPIU.cif,233,C103 H76 N8 O42 Zn4,no,101,C47 H33 N3 O16 Zn2,no
WIJXIY.cif,233,C112 H74 N8 O34 Zn5,no,204,C105 H66 N8 O20 Zn5,no
AFAFEW.cif,229,C104 H76 N16 O32 Zn1,no,105,C48 H36 N10 O10 Zn1,no
KEFBOO.cif,228,C108 H68 O48 Zn4,no,81,C39 H26 O14 Zn2,no
KEFBEE.cif,228,C108 H68 O48 Zn4,yes,81,C39 H26 O14 Zn2,yes
MEMCEQ.cif,228,C100 H84 N20 O20 Zn4,no,91,C41 H34 N4 O10 Zn2,no
PEMRIK.cif,228,C100 H77 N15 O32 Zn4,no,95,C45 H34 N6 O8 Zn2,no
JANQOI.cif,226,C96 H68 O58 Zn4,no,87,C37 H28 O20 Zn2,no
XELLOT.cif,226,C96 H72 O54 Zn4,no,85,C37 H28 O18 Zn2,no
TEZKAM.cif,225,C108 H86 N4 O24 Zn3,no,122,C59 H44 N2 O14 Zn3,yes
DIFXOJ.cif,224,C108 H84 N4 O24 Zn4,no,93,C45 H34 N2 O10 Zn2,no
PIWSEV.cif,224,C106 H90 N2 O23 Zn3,no,109,C49 H41 N1 O15 Zn3,no
AVETAY.cif,221,C96 H76 O48 Zn1,no,98,C45 H34 O18 Zn1,no
DEJJIN.cif,221,C80 H44 N16 O74 Zn7,no,197,C74 H62 N16 O38 Zn7,no
FUVGAG.cif,221,C108 H76 N12 O22 Zn3,no,119,C53 H42 N8 O13 Zn3,no
QOKCID.cif,221,C96 H84 O40 Zn1,no,103,C45 H38 O19 Zn1,no
PENNUT.cif,220,C86 H76 N4 O50 Zn4,no,101,C43 H36 N2 O18 Zn2,no
HEJNOC.cif,219,C117 H77 N3 O21 Zn1,no,92,C47 H31 N1 O12 Zn1,yes
HAZGEY.cif,218,C100 H73 N9 O32 Zn4,no,97,C47 H35 N5 O8 Zn2,no
FOJLOH.cif,217,C99 H90 O27 Zn1,no,103,C47 H40 O15 Zn1,no
HEHVOI.cif,216,C96 H68 O48 Zn4,no,96,C44 H34 O16 Zn2,no
IFEQIV.cif,215,C108 H76 N12 O16 Zn3,no,140,C65 H52 N10 O10 Zn3,no
IFEPUG.cif,215,C108 H76 N12 O16 Zn3,yes,134,C61 H49 N9 O12 Zn3,no
IFENOY.cif,215,C108 H76 N12 O16 Zn3,yes,134,C61 H49 N9 O12 Zn3,yes
IFEQAN.cif,215,C108 H76 N12 O16 Zn3,yes,134,C61 H49 N9 O12 Zn3,yes
HAMLIT.cif,214,C90 H62 N34 O24 Zn4,no,124,C52 H38 N18 O14 Zn2,no
GIDDAB.cif,213,C87 H76 N6 O32 S8 Zn4,no,86,C38 H31 N3 O8 S4 Zn2,no
GOSKEG.cif,213,C110 H82 N8 O12 Zn1,no,124,C65 H49 N5 O4 Zn1,no
HEGJUZ.cif,213,C104 H78 N4 O24 Zn3,no,122,C59 H44 N2 O14 Zn3,no
XUVHEB.cif,213,C104 H78 N4 O24 Zn3,yes,122,C59 H44 N2 O14 Zn3,yes
NIRDOI.cif,211,C96 H80 N4 O28 Zn3,no,147,C71 H55 N3 O15 Zn3,no
JASNAT.cif,210,C94 H74 N6 O32 Zn4,no,89,C43 H33 N3 O8 Zn2,no
OLEKUM.cif,210,C82 Cl16 H70 N6 O32 Zn4,no,100,C40 H46 N4 O8 Zn2,no
WAFKIY.cif,210,C82 H86 N6 O32 Zn4,no,100,C40 H46 N4 O8 Zn2,yes
VURNED.cif,210,C82 H86 N6 O32 Zn4,yes,100,C40 H46 N4 O8 Zn2,yes
WAFKAQ.cif,210,C82 H86 N6 O32 Zn4,yes,100,C40 H46 N4 O8 Zn2,yes
DARQOF.cif,209,C90 H72 N12 O31 Zn4,no,118,C50 H41 N7 O16 Zn4,no
FERCOX.cif,209,C90 H72 N12 O31 Zn4,yes,118,C50 H41 N7 O16 Zn4,yes
FERCEN.cif,209,C90 H72 N12 O31 Zn4,yes,118,C50 H41 N7 O16 Zn4,yes
KANDIO.cif,208,C96 F4 H68 N4 O32 Zn4,no,99,C49 F2 H35 N3 O8 Zn2,no
ULISOZ.cif,208,C90 H54 O60 Zn4,no,92,C44 H30 O16 Zn2,yes
KIHMOH.cif,206,C92 H66 N4 O40 Zn4,no,115,C55 H42 N2 O14 Zn2,no
HEDCAW.cif,205,C98 H68 O35 Zn4,no,75,C35 H24 O14 Zn2,no
LIKPIH.cif,205,C78 H74 N12 O38 Zn3,no,109,C42 H40 N6 O18 Zn3,no
QUGTIY.cif,205,C98 H84 N4 O18 Zn1,no,101,C46 H40 N2 O12 Zn1,no
NAQLAT.cif,204,C90 H65 N3 O42 Zn4,no,98,C48 H34 N2 O12 Zn2,no
OBOGUK.cif,204,C92 H60 O49 Zn3,no,105,C45 H32 O25 Zn3,no
PUZKOM.cif,204,C84 H70 N6 O32 S8 Zn4,no,83,C37 H29 N3 O8 S4 Zn2,no
ZEHWIW.cif,204,C92 H60 O49 Zn3,yes,105,C45 H32 O25 Zn3,yes
JUJMOS.cif,203,C90 H78 N6 O25 Zn4,no,117,C50 H42 N6 O15 Zn4,no
OBUFIB.cif,202,C76 H76 N8 O38 Zn4,no,85,C31 H31 N5 O14 Zn4,no
FONPUV.cif,200,C90 H68 O39 Zn3,no,114,C50 H42 O19 Zn3,no
CAVREY.cif,199,C72 H76 N12 O35 Zn4,no,83,C33 H28 N6 O14 Zn2,no
QOMFEE.cif,198,C74 H76 N6 O38 Zn4,no,61,C23 H23 N3 O10 Zn2,no
DITTEH.cif,197,C90 H66 O37 Zn4,no,107,C50 H36 O17 Zn4,no
EDUVOO.cif,197,C108 H60 O25 Zn4,no,176,C103 H54 O15 Zn4,no
PAYLAG.cif,197,C83 H69 N23 O18 Zn4,no,94,C38 H34 N12 O8 Zn2,no
BARZAW.cif,196,C92 H68 N4 O28 Zn4,no,92,C46 H34 N2 O8 Zn2,no
FUBNOH.cif,196,C95 H75 N5 O20 Zn1,no,100,C47 H39 N1 O12 Zn1,no
NOMQAJ.cif,196,C95 H75 N5 O20 Zn1,yes,100,C47 H39 N1 O12 Zn1,yes
WOPHIU.cif,195,C84 H74 N6 O30 Zn1,no,98,C43 H37 N1 O16 Zn1,no
HAZLED.cif,194,C86 H64 N8 O32 Zn4,no,95,C45 H33 N7 O8 Zn2,no
PUMCEI.cif,191,C72 H82 N8 O26 Zn3,no,102,C37 H42 N6 O14 Zn3,no
FASQUN.cif,190,C85 F30 H50 O22 Zn3,no,100,C45 F6 H32 O14 Zn3,no
KAFTUI.cif,190,C85 F30 H50 O22 Zn3,yes,98,C45 F6 H30 O14 Zn3,yes
MAGBIH.cif,190,C64 H58 O56 P8 Zn4,no,88,C34 H33 O14 P5 Zn2,no
OFUYUL.cif,190,C80 H56 O50 Zn4,no,91,C41 H32 O16 Zn2,no
XOQXEH.cif,190,C85 F30 H50 O22 Zn3,yes,98,C45 F6 H30 O14 Zn3,yes
FECWOB.cif,189,C72 H60 N36 O18 Zn3,no,109,C40 H36 N20 O10 Zn3,no
ESEVIH.cif,188,C72 H62 O50 Zn4,no,86,C37 H32 O15 Zn2,no
PEJPEB.cif,187,C81 H48 O54 Zn4,no,79,C37 H26 O14 Zn2,yes
GICTAQ.cif,186,C66 H70 N6 O32 S8 Zn4,no,88,C32 H38 N4 O8 S4 Zn2,no
GICFIK.cif,186,C66 H70 N6 O32 S8 Zn4,yes,88,C32 H38 N4 O8 S4 Zn2,yes
GICTEU.cif,186,C66 H70 N6 O32 S8 Zn4,yes,88,C32 H38 N4 O8 S4 Zn2,yes
NEKCIS.cif,186,C66 H70 N6 O32 S8 Zn4,yes,88,C32 H38 N4 O8 S4 Zn2,yes
RUGXOI.cif,186,C80 H52 O50 Zn4,yes,89,C41 H30 O16 Zn2,yes
FAHPOV.cif,185,C96 H60 O25 Zn4,no,104,C51 H34 O15 Zn4,no
GIRYEN.cif,185,C80 H64 N12 O26 Zn3,no,128,C55 H51 N9 O10 Zn3,no
GIRYIR.cif,185,C80 H64 N12 O26 Zn3,yes,128,C55 H51 N9 O10 Zn3,yes
GIRYOX.cif,185,C80 H64 N12 O26 Zn3,yes,128,C55 H51 N9 O10 Zn3,yes
GIRYUD.cif,185,C80 H64 N12 O26 Zn3,yes,128,C55 H51 N9 O10 Zn3,yes
REYCOP.cif,185,C80 H76 N8 O20 Zn1,no,89,C41 H32 N2 O13 Zn1,no
TIRQOB.cif,185,C96 H60 O25 Zn4,yes,164,C91 H54 O15 Zn4,no
LAGWUN.cif,184,C72 H58 O51 Zn3,no,130,C58 H46 O23 Zn3,no
YARGAB.cif,184,C96 H60 O25 Zn3,no,163,C91 H54 O15 Zn3,no
AWEDOW.cif,183,C84 H73 N21 O4 Zn1,no,79,C34 H31 N11 O2 Zn1,no
IDIWUN.cif,183,C84 H68 O28 Zn3,no,112,C49 H42 O18 Zn3,no
MOYPOG.cif,181,C88 H76 N16 Zn1,no,90,C43 H36 N10 Zn1,no
NANNAU.cif,181,C88 H64 N20 O8 Zn1,no,89,C40 H31 N13 O4 Zn1,no
NANNEY.cif,181,C88 H64 N20 O8 Zn1,yes,89,C40 H31 N13 O4 Zn1,yes
FUTZIF.cif,180,C72 H56 O48 Zn4,no,81,C37 H28 O14 Zn2,no
IQOJEF.cif,180,C87 H70 N10 O12 Zn1,no,93,C42 H36 N6 O8 Zn1,no
FESBEM.cif,179,C80 H58 O40 Zn1,no,93,C44 H32 O16 Zn1,no
HAXJEX.cif,177,C78 H54 N4 O37 Zn4,no,133,C66 H46 N4 O13 Zn4,no
POPDUW.cif,177,C78 H72 N8 O18 Zn1,no,96,C43 H42 N6 O4 Zn1,no
PULMIU.cif,177,C68 H54 N4 O42 S6 Zn3,no,135,C54 H48 N2 O22 S6 Zn3,no
PEYPAM.cif,177,C72 H54 O48 Zn3,no,146,C65 H44 O34 Zn3,no
HAPHUD.cif,175,C71 H66 N10 O27 Zn1,no,99,C41 H38 N6 O13 Zn1,no
AROHOH.cif,173,C84 H54 N6 O25 Zn4,no,152,C79 H48 N6 O15 Zn4,no
EGEJIK.cif,173,C84 H60 O25 Zn4,no,102,C49 H34 O15 Zn4,no
OKELOH.cif,173,C88 H52 O32 Zn1,no,86,C43 H28 O14 Zn1,no
PIWLEP.cif,173,C84 H60 O25 Zn4,yes,102,C49 H34 O15 Zn4,yes
PIWLAL.cif,173,C84 H60 O25 Zn4,yes,102,C49 H34 O15 Zn4,yes
RUBBOH.cif,173,C84 H60 O25 Zn4,yes,102,C49 H34 O15 Zn4,yes
XALDAS.cif,173,C84 H60 O25 Zn4,yes,102,C49 H34 O15 Zn4,yes
BOWZUK.cif,172,C81 H69 N21 Zn1,no,76,C33 H31 N11 Zn1,no
GACPUX.cif,172,C80 H64 O25 Zn3,no,111,C51 H42 O15 Zn3,no
JULGUV.cif,172,C81 H63 N9 O18 Zn1,no,89,C40 H34 N4 O10 Zn1,yes
KOMCOG.cif,172,C81 Cl1 H68 N21 Zn1,no,76,C33 Cl1 H30 N11 Zn1,no
CADPII.cif,170,C63 H58 O46 Zn3,no,122,C51 H46 O22 Zn3,no
PODXEN.cif,169,C82 H64 N14 O8 Zn1,no,95,C44 H37 N9 O4 Zn1,no
QOZPOM.cif,169,C56 H56 N32 O24 Zn1,no,79,C30 H27 N11 O10 Zn1,no
YOZYOD.cif,169,C70 H62 N2 O34 Zn1,no,94,C39 H36 N2 O16 Zn1,no
PAMHES.cif,168,C72 F36 H20 O36 Zn4,no,78,C36 F4 H24 O12 Zn2,no
ADECEU.cif,167,C74 H68 N8 O16 Zn1,no,112,C52 H45 N5 O9 Zn1,no
SENWAL.cif,167,C57 H62 N2 O42 Zn4,no,70,C26 H27 N1 O14 Zn2,no
ESARAT.cif,166,C61 H64 N10 O30 Zn1,no,89,C34 H41 N7 O6 Zn1,no
NUHPAI.cif,165,C64 H84 N16 Zn1,no,74,C31 H35 N7 Zn1,no
OKIMAY.cif,165,C72 H48 N12 O32 Zn1,no,86,C39 H29 N3 O14 Zn1,no
SERCEA.cif,165,C88 H52 O24 Zn1,no,105,C55 H34 O15 Zn1,no
BOZFIH.cif,164,C75 H60 N10 O18 Zn1,no,101,C48 H39 N7 O6 Zn1,no
LIKPED.cif,164,C65 H54 N10 O32 Zn3,no,96,C37 H34 N6 O16 Zn3,no
RUGZAW.cif,164,C76 H58 N16 O12 Zn2,no,96,C40 H35 N13 O6 Zn2,no
AWAJIT.cif,163,C66 H68 N12 O16 Zn1,no,108,C44 H45 N9 O9 Zn1,no
JAMPUL.cif,163,C84 H63 N9 O6 Zn1,no,81,C40 H32 N4 O4 Zn1,no
QAQLIG.cif,163,C84 H57 N9 O12 Zn1,no,83,C42 H29 N3 O8 Zn1,no
ROLKIP.cif,163,C72 H60 N30 Zn1,no,71,C28 H26 N16 Zn1,no
MATVIN.cif,162,C62 H58 N6 O32 Zn4,no,49,C19 H17 N3 O8 Zn2,no
WOSZEL.cif,162,C84 H57 N1 O19 Zn1,no,84,C42 H29 N1 O11 Zn1,no
BENXUP.cif,161,C60 H66 N12 O20 Zn3,no,113,C47 H42 N12 O9 Zn3,no
EDUTIG.cif,161,C72 H60 O25 Zn4,no,140,C67 H54 O15 Zn4,no
DOXGAB.cif,161,C76 H58 N14 O12 Zn1,no,80,C37 H27 N7 O8 Zn1,no
FESTEG.cif,161,C80 H54 N8 O10 S8 Zn1,no,92,C45 H31 N5 O6 S4 Zn1,no
ILOVOX.cif,161,C76 H58 N14 O12 Zn1,yes,81,C36 H29 N9 O6 Zn1,no
NAVFEY.cif,161,C72 H72 N8 O8 Zn1,no,106,C49 H46 N6 O4 Zn1,no
OSATIO.cif,161,C75 H44 N20 O20 Zn2,no,60,C29 H18 N4 O8 Zn1,no
OYAPUB.cif,161,C72 H58 N8 O20 Zn3,no,94,C39 H33 N5 O14 Zn3,no
GUGNON.cif,160,C82 H57 N1 O19 Zn1,no,89,C45 H31 N1 O11 Zn1,no
JISMEG.cif,160,C63 H44 O49 Zn4,yes,78,C32 H24 O20 Zn2,yes
MOSGIM.cif,158,C72 H48 N4 O30 Zn4,no,136,C66 H44 N4 O18 Zn4,no
YENVAR.cif,158,C62 H54 N22 O16 Zn4,no,73,C29 H27 N11 O4 Zn2,no
XOKHAH.cif,158,C72 H48 N4 O30 Zn4,yes,136,C66 H44 N4 O18 Zn4,yes
AMUPOP.cif,157,C68 H56 N8 O24 Zn1,no,82,C37 H26 N4 O14 Zn1,no
DOYHUW.cif,157,C72 H48 O36 Zn1,yes,81,C38 H26 O16 Zn1,yes
HIQNIG.cif,157,C72 H60 N8 O16 Zn1,no,92,C41 H35 N5 O10 Zn1,no
LAZJAZ.cif,157,C66 H64 N8 O18 Zn1,no,102,C44 H41 N5 O11 Zn1,no
MAZSOX.cif,157,C66 H55 N9 O24 Zn3,no,133,C60 H49 N9 O12 Zn3,no
REGREC.cif,157,C63 H48 O42 Zn4,no,66,C30 H22 O12 Zn2,yes
TONWUO.cif,157,C48 H84 N8 O16 Zn1,no,130,C39 H72 N8 O10 Zn1,yes
CODKUE.cif,156,C70 H54 O28 Zn4,no,77,C37 H28 O10 Zn2,no
HAFSOZ.cif,156,C63 H40 O49 Zn4,no,76,C32 H22 O20 Zn2,no
IDIXAU.cif,156,C72 H54 O27 Zn3,no,137,C67 H50 O17 Zn3,no
JIJLIA.cif,156,C70 H44 O34 S5 Zn3,no,140,C66 H48 O18 S5 Zn3,no
WIJXEU.cif,156,C68 H62 N8 O16 Zn2,no,145,C65 H60 N8 O10 Zn2,no
DOYHOQ.cif,155,C72 H46 O36 Zn1,no,77,C38 H22 O16 Zn1,no
GUXHIT.cif,155,C64 H59 N15 O16 Zn1,yes,107,C46 H42 N10 O8 Zn1,yes
IRIMOO.cif,155,C72 H58 N8 O16 Zn1,yes,79,C36 H30 N4 O8 Zn1,yes
QUPHUF.cif,155,C66 H64 N8 O16 Zn1,no,100,C44 H41 N5 O9 Zn1,no
RIFDUG.cif,155,C63 H46 O42 Zn4,yes,66,C30 H22 O12 Zn2,yes
XAKGOJ.cif,155,C63 H46 O42 Zn4,yes,66,C30 H22 O12 Zn2,yes
YUZXAT.cif,155,C66 H64 N8 O16 Zn1,yes,100,C44 H41 N5 O9 Zn1,yes
DUPVER.cif,154,C64 H40 N10 O36 Zn4,no,79,C35 H25 N5 O12 Zn2,no
GACQAE.cif,154,C72 H54 O25 Zn3,no,138,C68 H50 O17 Zn3,no
CUGFAN.cif,153,B4 C50 H62 N32 O4 Zn1,no,72,B1 C23 H29 N14 O4 Zn1,no
DOPNOO.cif,153,C68 H60 N24 Zn1,no,62,C23 H23 N15 Zn1,no
DECCUM.cif,153,C74 H60 N6 O12 Zn1,no,82,C39 H32 N2 O8 Zn1,no
EMOFIX.cif,153,C60 H64 N8 O20 Zn1,no,81,C33 H30 N4 O13 Zn1,no
EZUCIM.cif,153,C60 H60 N16 O16 Zn1,no,93,C36 H38 N10 O8 Zn1,no
GUXJAN.cif,153,C64 H57 N15 O16 Zn1,no,107,C46 H42 N10 O8 Zn1,no
WIYFAM.cif,153,C56 H68 N16 O9 Zn4,no,84,C33 H32 N10 O5 Zn4,no
VEHDOE.cif,152,C71 H56 N6 O18 Zn1,no,83,C38 H29 N5 O10 Zn1,no
GEGSOE.cif,151,C68 F2 H54 N12 O14 Zn1,no,86,C39 F1 H30 N7 O8 Zn1,no
GEGSIY.cif,151,C68 Cl2 H54 N12 O14 Zn1,no,86,C39 Cl1 H30 N7 O8 Zn1,no
GUGVIQ.cif,151,C64 H54 N20 O12 Zn1,no,95,C40 H33 N13 O8 Zn1,no
PILPOS.cif,151,C72 H42 N18 O18 Zn1,no,85,C40 H24 N10 O10 Zn1,no
QUSSOO.cif,151,C67 H54 N4 O23 Zn3,no,111,C51 H41 N3 O13 Zn3,no
HELDEJ.cif,150,C48 H59 N15 O27 Zn1,no,88,C26 H30 N12 O19 Zn1,no
ATULIM.cif,149,C56 H58 N8 O24 Zn3,no,122,C49 H48 N8 O14 Zn3,no
FUDGES.cif,149,C64 H48 O36 Zn1,no,84,C37 H28 O18 Zn1,no
FECYUJ.cif,149,C72 H48 O25 Zn4,yes,128,C67 H42 O15 Zn4,yes
LAFJUB.cif,149,C68 H52 N12 O16 Zn1,no,74,C33 H26 N6 O8 Zn1,yes
RAWPIP.cif,149,C72 H64 N12 Zn1,no,82,C39 H35 N7 Zn1,no
REYBAA.cif,149,C68 H52 N8 O20 Zn1,no,91,C41 H32 N4 O13 Zn1,no
VAGTUU.cif,149,C72 H48 O25 Zn4,yes,128,C67 H42 O15 Zn4,yes
WEMVUI.cif,149,C68 H52 N12 O16 Zn1,yes,74,C33 H26 N6 O8 Zn1,yes
WORKUL.cif,149,C72 H48 O25 Zn4,yes,128,C67 H42 O15 Zn4,yes
QAQSAD.cif,148,C72 H50 O24 Zn2,no,129,C67 H46 O14 Zn2,no
RIPNIP.cif,148,C64 F32 H16 O32 Zn4,no,78,C36 F4 H24 O12 Zn2,yes
ASUWUI.cif,147,C74 H51 N9 O12 Zn1,no,81,C38 H30 N6 O6 Zn1,no
AFEGIE.cif,147,C48 H72 O24 Zn3,no,126,C43 H66 O14 Zn3,no
ECIWOC.cif,147,C72 H54 N6 O13 Zn2,no,79,C36 H31 N3 O7 Zn2,no
OTAWIR.cif,147,C72 H56 N6 O12 Zn1,no,79,C38 H30 N2 O8 Zn1,no
TAPHOJ.cif,147,C56 H58 N8 O21 S3 Zn1,no,102,C41 H47 N5 O5 S3 Zn1,no
ESARUN.cif,145,C56 H56 N12 O20 Zn1,no,76,C29 H34 N8 O4 Zn1,no
EWUKIS.cif,145,C54 H51 N3 O34 Zn3,no,99,C40 H35 N3 O18 Zn3,no
GUFXEM.cif,145,C64 H48 O32 Zn1,no,82,C37 H30 O14 Zn1,no
JIQCUK.cif,145,C60 H62 N22 Zn1,no,74,C31 H31 N11 Zn1,no
KUSTEA.cif,145,C56 F12 H50 N20 P2 S4 Zn1,no,73,C29 F2 H30 N8 P2 S1 Zn1,no
LIWXIZ.cif,145,C65 H48 N4 O27 Zn1,no,76,C34 H26 N2 O13 Zn1,no
LABGAY.cif,145,C58 F12 H50 N8 O16 Zn1,no,77,C32 F6 H24 N4 O10 Zn1,no
LIMGOH.cif,145,C68 H54 N10 O12 Zn1,no,96,C45 H36 N6 O8 Zn1,no
LUVTAY.cif,145,C60 H58 N4 O20 Zn3,no,96,C38 H36 N2 O17 Zn3,no
QUSSII.cif,144,C66 H50 N4 O21 Zn3,no,106,C50 H39 N3 O11 Zn3,no
TAKZEN.cif,144,C48 H54 N28 O10 Zn4,no,61,C20 H20 N14 O5 Zn2,no
AVAYEE.cif,143,C70 H52 N8 O12 Zn1,no,98,C49 H37 N5 O6 Zn1,no
BIBQOV.cif,143,C64 H44 O33 Zn2,no,61,C28 H22 O9 Zn2,no
CUYVOI.cif,143,C54 H56 N16 O16 Zn1,no,85,C34 H36 N10 O4 Zn1,no
GATBUZ.cif,143,C64 H44 O32 Zn3,no,118,C57 H40 O18 Zn3,no
ORIBAU.cif,143,C64 H44 O32 Zn3,yes,118,C57 H40 O18 Zn3,yes
PICTIG.cif,143,C64 H44 O32 Zn3,yes,118,C57 H40 O18 Zn3,yes
VEGMOK.cif,143,C64 H44 O32 Zn3,yes,118,C57 H40 O18 Zn3,yes
IGINIX.cif,142,C56 H42 N8 O32 Zn4,no,75,C31 H25 N5 O12 Zn2,no
KIYQIU.cif,142,C56 H42 N8 O32 Zn4,yes,75,C31 H25 N5 O12 Zn2,yes
KIYQEQ.cif,142,C56 H42 N8 O32 Zn4,yes,75,C31 H25 N5 O12 Zn2,yes
OWUBUG.cif,142,C66 H50 N4 O20 Zn2,no,102,C50 H37 N3 O10 Zn2,no
OWUCAN.cif,142,C66 H50 N4 O20 Zn2,yes,102,C50 H37 N3 O10 Zn2,yes
OWAVIS.cif,142,C58 H41 N3 O36 Zn4,no,51,C23 H16 O10 Zn2,no
PEPFAT.cif,142,C54 H40 O42 Zn6,no,92,C38 H28 O20 Zn6,no
FITCUJ.cif,141,C40 H64 N20 O16 Zn1,no,73,C22 H32 N12 O6 Zn1,no
FITDAQ.cif,141,C40 H64 N20 O16 Zn1,yes,86,C25 H40 N14 O6 Zn1,no
FITDEU.cif,141,C40 H64 N20 O16 Zn1,yes,97,C28 H45 N15 O8 Zn1,no
FITDOE.cif,141,C40 H64 N20 O16 Zn1,yes,97,C28 H45 N15 O8 Zn1,yes
FITDUK.cif,141,C40 H64 N20 O16 Zn1,yes,97,C28 H45 N15 O8 Zn1,yes
FITFIA.cif,141,C40 H64 N20 O16 Zn1,yes,97,C28 H45 N15 O8 Zn1,yes
GALCAZ.cif,141,C66 H48 N12 O13 Zn2,no,85,C38 H31 N7 O7 Zn2,no
ISIMAZ.cif,141,C56 H56 N8 O20 Zn1,no,75,C31 H26 N4 O13 Zn1,no
MAGBON.cif,141,C48 H42 O42 P6 Zn3,no,115,C44 H40 O22 P6 Zn3,no
LUZJAT.cif,141,C54 H44 O38 Zn5,no,101,C44 H34 O18 Zn5,no
ULEPIM.cif,141,C68 H56 N4 O12 Zn1,no,87,C43 H32 N2 O9 Zn1,no
VIQZEE.cif,141,C60 H68 N4 O8 Zn1,yes,84,C37 H39 N3 O4 Zn1,no
XATDIJ.cif,141,C26 H54 O47 P10 Zn4,no,53,C9 H25 O12 P5 Zn2,no
XILLEL.cif,141,C60 H56 N24 Zn1,no,63,C24 H26 N12 Zn1,no
KIYQOA.cif,140,C56 H40 N8 O32 Zn4,yes,75,C31 H25 N5 O12 Zn2,yes
DAFSOV.cif,139,C54 H49 N9 O24 Zn3,no,115,C48 H43 N9 O12 Zn3,no
MAFMAK.cif,139,C54 H49 N9 O24 Zn3,yes,115,C48 H43 N9 O12 Zn3,yes
MAZSUD.cif,139,C54 H49 N9 O24 Zn3,yes,115,C48 H43 N9 O12 Zn3,yes
OBAHIL.cif,139,C66 H51 N9 O12 Zn1,no,79,C36 H30 N6 O6 Zn1,no
OBAHUX.cif,139,C66 H51 N9 O12 Zn1,yes,79,C36 H30 N6 O6 Zn1,yes
OBAJAF.cif,139,C66 H51 N9 O12 Zn1,yes,75,C34 H28 N6 O6 Zn1,no
TADCUA.cif,139,C64 H52 N8 O14 Zn1,no,83,C38 H32 N4 O8 Zn1,no
TUMQOJ.cif,139,C60 H46 N16 O16 Zn1,yes,77,C30 H28 N12 O6 Zn1,no
FULWAN.cif,138,C69 H41 N9 O18 Zn1,no,72,C33 H24 N6 O8 Zn1,no
WEVDUA.cif,138,C52 H44 N16 O22 Zn4,no,122,C48 H40 N16 O14 Zn4,no
WEVGEN.cif,138,C52 H44 N16 O22 Zn4,yes,122,C48 H40 N16 O14 Zn4,yes
WEVGAJ.cif,138,C52 H44 N16 O22 Zn4,yes,122,C48 H40 N16 O14 Zn4,yes
WEVPUM.cif,138,C52 H44 N16 O22 Zn4,yes,122,C48 H40 N16 O14 Zn4,yes
CAVFEN.cif,137,C63 H54 N6 O13 Zn1,no,73,C33 H29 N3 O7 Zn1,no
CEZFIY.cif,137,C68 H44 N8 O16 Zn1,no,96,C49 H33 N5 O8 Zn1,no
KUKHAB.cif,137,C68 H46 N4 O18 Zn1,no,85,C40 H30 N4 O10 Zn1,no
NEQVOX.cif,137,C54 H50 N8 O24 Zn1,no,78,C33 H29 N3 O12 Zn1,no
SETGUW.cif,137,C64 H48 N8 O16 Zn1,no,93,C43 H34 N6 O9 Zn1,no
ZARMAI.cif,137,C56 H39 N3 O36 Zn3,no,94,C44 H32 N3 O12 Zn3,no
BECSUA.cif,136,C66 H52 N2 O15 Zn1,no,93,C45 H36 N2 O9 Zn1,no
CIZMIJ.cif,136,C60 H50 N18 O7 Zn1,no,68,C28 H26 N10 O3 Zn1,no
FAQDOU.cif,136,C54 H40 O38 Zn4,no,100,C44 H34 O18 Zn4,no
ADUROI.cif,136,C63 H45 N9 O18 Zn1,no,72,C33 H25 N5 O8 Zn1,no
ATOWUE.cif,135,C58 H50 N6 O20 Zn1,no,85,C36 H32 N4 O12 Zn1,no
GULPIN.cif,135,C58 F12 H44 N4 O16 Zn1,no,83,C36 F6 H28 N2 O10 Zn1,no
HIKNAT.cif,135,C58 F12 H44 N12 O8 Zn1,yes,75,C34 F6 H26 N2 O6 Zn1,yes
PUWDIU.cif,135,C54 H38 O40 Zn3,no,97,C44 H30 O20 Zn3,no
UKAJOH.cif,135,C56 H56 N8 O12 S2 Zn1,no,82,C33 H36 N6 O4 S2 Zn1,no
XUYXAR.cif,135,C58 H50 N2 O24 Zn1,no,84,C37 H32 N2 O12 Zn1,no
CAVFAJ.cif,134,C63 Cl1 H51 N6 O12 Zn1,no,70,C33 Cl1 H26 N3 O6 Zn1,no
REGRIG.cif,134,C54 H40 O36 Zn4,no,66,C30 H22 O12 Zn2,no
VEHKIE.cif,134,C54 H40 O37 Zn3,yes,96,C44 H32 O17 Zn3,yes
FECZAQ.cif,133,C60 H44 O25 Zn4,no,102,C49 H34 O15 Zn4,yes
HAFWAO.cif,133,C64 H36 O32 Zn1,yes,76,C37 H24 O14 Zn1,yes
HIKMOG.cif,133,C58 F12 H42 N12 O8 Zn1,no,75,C34 F6 H26 N2 O6 Zn1,no
HIKNEX.cif,133,C58 F12 H42 N12 O8 Zn1,yes,75,C34 F6 H26 N2 O6 Zn1,yes
HIKMUM.cif,133,C58 F12 H42 N12 O8 Zn1,yes,73,C34 F6 H24 N2 O6 Zn1,yes
JOTXAU.cif,133,C56 H44 N16 O16 Zn1,no,70,C27 H26 N10 O6 Zn1,no
OXUYOY.cif,133,C56 H44 N16 O16 Zn1,yes,70,C27 H26 N10 O6 Zn1,yes
TIRLIQ.cif,133,C58 H46 N2 O24 Zn3,no,112,C53 H40 N2 O14 Zn3,no
NUBZES.cif,132,C54 H38 O37 Zn3,yes,96,C44 H32 O17 Zn3,yes
NIWYEZ.cif,132,C54 H38 O37 Zn3,yes,94,C44 H30 O17 Zn3,yes
RUPVAB.cif,132,C54 H38 O37 Zn3,yes,94,C44 H30 O17 Zn3,yes
WEVQAT.cif,132,C52 H40 N16 O20 Zn4,no,116,C48 H36 N16 O12 Zn4,no
XASPEP.cif,132,C54 H38 O37 Zn3,yes,94,C44 H30 O17 Zn3,yes
XASNUD.cif,132,C54 H38 O37 Zn3,yes,94,C44 H30 O17 Zn3,yes
YAPVAQ.cif,132,C54 H38 O37 Zn3,yes,96,C44 H32 O17 Zn3,yes
ECUHES.cif,131,C52 H54 N8 O14 S2 Zn1,no,88,C35 H40 N6 O4 S2 Zn1,no
GAJTAQ.cif,131,C66 H48 N4 O12 Zn1,no,88,C44 H32 N2 O9 Zn1,no
QOPZIF.cif,131,C54 H48 O25 Zn4,no,95,C44 H32 O15 Zn4,no
RAWZIB.cif,131,C58 H46 N14 O12 Zn1,no,95,C44 H34 N10 O6 Zn1,no
IBUYAH.cif,130,C57 H41 N7 O24 Zn1,no,101,C48 H39 N7 O6 Zn1,yes
IJEXIF.cif,130,C54 H36 O37 Zn3,no,96,C44 H32 O17 Zn3,no
BUQSUE.cif,129,C56 H54 N8 O10 Zn1,yes,78,C33 H32 N6 O6 Zn1,yes
GOXHEJ.cif,129,C62 H42 N8 O16 Zn1,no,86,C39 H28 N8 O10 Zn1,no
ILOJEZ.cif,129,C56 H44 N12 O16 Zn1,no,77,C34 H29 N9 O4 Zn1,no
KUJNUZ.cif,129,C52 H46 N20 O8 Zn3,no,119,C50 H42 N20 O4 Zn3,no
RUYGEZ.cif,129,C56 H46 O24 Zn3,no,113,C52 H42 O16 Zn3,no
UTUMAY.cif,129,C56 H56 N8 O8 Zn1,yes,72,C31 H31 N5 O4 Zn1,no
BUQSIS.cif,127,C56 H52 N8 O10 Zn1,no,78,C33 H32 N6 O6 Zn1,yes
BUQSAK.cif,127,C56 H52 N8 O10 Zn1,yes,78,C33 H32 N6 O6 Zn1,yes
BUQRUD.cif,127,C56 H52 N8 O10 Zn1,yes,78,C33 H32 N6 O6 Zn1,yes
BUQROX.cif,127,C56 H52 N8 O10 Zn1,yes,78,C33 H32 N6 O6 Zn1,yes
ECAHAT.cif,127,C60 H54 N4 O8 Zn1,yes,79,C36 H34 N2 O6 Zn1,no
JULHAC.cif,127,C60 H46 N8 O12 Zn1,no,72,C33 H27 N3 O8 Zn1,no
QOBHEX.cif,127,C58 H40 N4 O24 Zn1,no,100,C49 H40 N4 O6 Zn1,no
QOBGOG.cif,127,C58 H40 N4 O24 Zn1,yes,100,C49 H40 N4 O6 Zn1,yes
QOBGIA.cif,127,C58 H40 N4 O24 Zn1,yes,100,C49 H40 N4 O6 Zn1,yes
QOBGUM.cif,127,C58 H40 N4 O24 Zn1,yes,100,C49 H40 N4 O6 Zn1,yes
QOBHAT.cif,127,C58 H40 N4 O24 Zn1,yes,100,C49 H40 N4 O6 Zn1,yes
QOBHOH.cif,127,C58 H40 N4 O24 Zn1,yes,100,C49 H40 N4 O6 Zn1,yes
SEFLAT.cif,127,C64 H46 N4 O12 Zn1,no,99,C52 H37 N3 O6 Zn1,no
AMOYOR.cif,125,C60 H52 N4 O8 Zn1,no,84,C41 H35 N3 O4 Zn1,no
ASUJIJ.cif,125,C48 H40 N20 O16 Zn1,no,74,C29 H26 N14 O4 Zn1,no
FIPWOS.cif,125,C36 H60 N16 O12 Zn1,no,89,C26 H43 N13 O6 Zn1,no
FIPXAF.cif,125,C36 H60 N16 O12 Zn1,yes,89,C26 H43 N13 O6 Zn1,yes
FIPXEJ.cif,125,C36 H60 N16 O12 Zn1,yes,78,C23 H38 N12 O4 Zn1,no
HENSEB.cif,125,C48 H34 O40 Zn3,no,96,C41 H26 O26 Zn3,no
HUVHOX.cif,125,C27 H43 N15 O33 P6 Zn1,no,82,C17 H30 N15 O16 P3 Zn1,no
IYOQAQ.cif,125,C36 H44 N16 O26 Zn3,no,77,C12 H32 N16 O14 Zn3,no
KUJNOT.cif,125,C52 H44 N18 O8 Zn3,no,115,C50 H40 N18 O4 Zn3,no
QARQAF.cif,125,C36 H60 N16 O12 Zn1,yes,69,C21 H31 N11 O5 Zn1,no
QARSUB.cif,125,C36 H60 N16 O12 Zn1,yes,89,C26 H43 N13 O6 Zn1,yes
QARSOV.cif,125,C36 H60 N16 O12 Zn1,yes,89,C26 H43 N13 O6 Zn1,yes
QARTAI.cif,125,C36 H60 N16 O12 Zn1,yes,89,C26 H43 N13 O6 Zn1,yes
QUGHUY.cif,125,C56 H52 N8 O8 Zn1,no,88,C37 H40 N6 O4 Zn1,no
YIBMON.cif,125,C60 H40 O24 Zn1,no,75,C36 H26 O12 Zn1,no
FAYPAY.cif,124,C51 H51 N9 O12 Zn1,no,124,C51 H51 N9 O12 Zn1,no
REDROI.cif,124,C48 H44 O29 Zn3,no,105,C43 H40 O19 Zn3,no
RETBEZ.cif,124,C55 H44 N6 O18 Zn1,no,106,C49 H44 N6 O6 Zn1,no
COKPUP.cif,123,C48 H36 O36 Zn3,no,104,C43 H32 O26 Zn3,no
COKNAT.cif,123,C48 H36 O36 Zn3,yes,104,C43 H32 O26 Zn3,yes
COKQOK.cif,123,C48 H36 O36 Zn3,yes,104,C43 H32 O26 Zn3,yes
CUYQIX.cif,123,C44 H58 N8 O12 Zn1,no,63,C24 H29 N5 O4 Zn1,yes
DOLCIT.cif,123,C42 H66 N12 O2 Zn1,no,67,C24 H34 N6 O2 Zn1,no
FIJDOS.cif,123,C48 H36 O36 Zn3,yes,104,C43 H32 O26 Zn3,yes
FIJCUX.cif,123,C48 H44 O28 Zn3,no,102,C43 H38 O18 Zn3,no
JULHEG.cif,123,C60 H42 N8 O12 Zn1,yes,70,C33 H25 N3 O8 Zn1,yes
ORIVOC.cif,123,C48 H36 O36 Zn3,yes,104,C43 H32 O26 Zn3,yes
RUFRIV.cif,123,C44 H52 N2 O22 Zn3,no,88,C35 H37 N1 O12 Zn3,no
WIZDEP.cif,123,C48 H36 O36 Zn3,yes,104,C43 H32 O26 Zn3,yes
WOBHOL.cif,123,C48 H36 O36 Zn3,yes,104,C43 H32 O26 Zn3,yes
YARKEJ.cif,123,C56 H44 N4 O18 Zn1,no,72,C33 H24 N2 O12 Zn1,no
YARKAF.cif,123,C56 H44 N4 O18 Zn1,yes,72,C33 H24 N2 O12 Zn1,yes
KOBHER.cif,122,C53 F8 H35 N5 O20 Zn1,no,83,C36 F4 H26 N4 O12 Zn1,no
BORLEC.cif,121,C42 H42 N18 O16 Zn3,no,108,C39 H38 N18 O10 Zn3,no
BIBBUL.cif,121,C48 H52 N12 O8 Zn1,no,70,C27 H30 N8 O4 Zn1,no
FALROB.cif,121,C52 H54 N14 Zn1,no,68,C29 H29 N9 Zn1,no
ENECIM.cif,121,C64 H40 O16 Zn1,no,110,C61 H38 O10 Zn1,no
NUGSAM.cif,121,C54 H42 N4 O20 Zn1,no,73,C36 H27 N3 O6 Zn1,yes
UQOYOP.cif,121,C52 H54 N14 Zn1,yes,68,C29 H29 N9 Zn1,yes
VISSID.cif,121,C60 H42 N6 O12 Zn1,no,84,C41 H30 N4 O8 Zn1,no
WOBHOM.cif,121,C41 H48 N4 O25 Zn3,no,95,C34 H38 N4 O16 Zn3,no
INARUM.cif,120,C39 H33 N21 O24 Zn3,no,114,C37 H35 N21 O18 Zn3,no
LAFFEG.cif,119,C56 H40 N10 O12 Zn1,no,83,C36 H28 N10 O8 Zn1,yes
NEDXOL.cif,119,C52 H48 N8 O8 P2 Zn1,no,72,C31 H31 N5 O2 P2 Zn1,no
VUKSOL.cif,119,C48 H28 O40 Zn3,yes,94,C41 H24 O26 Zn3,yes
JITPOS.cif,118,C46 H42 N6 O19 S2 Zn3,no,90,C34 H38 N4 O9 S2 Zn3,no
QEWSAP.cif,118,C54 H38 N6 O19 Zn1,no,77,C35 H26 N4 O11 Zn1,no
XOMCUZ.cif,118,C57 H41 N7 O12 Zn1,no,76,C37 H29 N5 O4 Zn1,no
CIFSOD.cif,117,C60 H40 N8 O8 Zn1,no,80,C41 H29 N5 O4 Zn1,no
CIFSUJ.cif,117,C60 H40 N8 O8 Zn1,yes,80,C41 H29 N5 O4 Zn1,yes
CIGBUT.cif,117,C60 H40 N8 O8 Zn1,yes,80,C41 H29 N5 O4 Zn1,yes
CIGCAA.cif,117,C60 H40 N8 O8 Zn1,yes,80,C41 H29 N5 O4 Zn1,yes
CIGCEE.cif,117,C60 H40 N8 O8 Zn1,yes,80,C41 H29 N5 O4 Zn1,yes
CIGCII.cif,117,C60 H40 N8 O8 Zn1,yes,80,C41 H29 N5 O4 Zn1,yes
CIGCOO.cif,117,C60 H40 N8 O8 Zn1,yes,80,C41 H29 N5 O4 Zn1,yes
CIGDOP.cif,117,C60 H40 N8 O8 Zn1,yes,80,C41 H29 N5 O4 Zn1,yes
CIGCUU.cif,117,C60 H40 N8 O8 Zn1,yes,80,C41 H29 N5 O4 Zn1,yes
CIGDAB.cif,117,C60 H40 N8 O8 Zn1,yes,80,C41 H29 N5 O4 Zn1,yes
CIGDEF.cif,117,C60 H40 N8 O8 Zn1,yes,80,C41 H29 N5 O4 Zn1,yes
CIGFAD.cif,117,C60 H40 N8 O8 Zn1,yes,80,C41 H29 N5 O4 Zn1,yes
CIGFIL.cif,117,C60 H40 N8 O8 Zn1,yes,80,C41 H29 N5 O4 Zn1,yes
CIGFEH.cif,117,C60 H40 N8 O8 Zn1,yes,80,C41 H29 N5 O4 Zn1,yes
CIGFOR.cif,117,C60 H40 N8 O8 Zn1,yes,80,C41 H29 N5 O4 Zn1,yes
CIGFUX.cif,117,C60 H40 N8 O8 Zn1,yes,80,C41 H29 N5 O4 Zn1,yes
CIGGEI.cif,117,C60 H40 N8 O8 Zn1,yes,80,C41 H29 N5 O4 Zn1,yes
CIGGIM.cif,117,C60 H40 N8 O8 Zn1,yes,80,C41 H29 N5 O4 Zn1,yes
CIGGAE.cif,117,C60 H40 N8 O8 Zn1,yes,80,C41 H29 N5 O4 Zn1,yes
CIGHEJ.cif,117,C60 H40 N8 O8 Zn1,yes,80,C41 H29 N5 O4 Zn1,yes
CIGHAF.cif,117,C60 H40 N8 O8 Zn1,yes,80,C41 H29 N5 O4 Zn1,yes
CIWDIY.cif,117,C50 H48 N8 O10 Zn1,no,56,C24 H20 N6 O5 Zn1,no
COMZAH.cif,117,C54 H46 N6 O10 Zn1,no,70,C32 H26 N4 O7 Zn1,no
GINKUM.cif,117,C52 H40 N12 O12 Zn1,no,76,C33 H26 N8 O8 Zn1,no
GIZXET.cif,117,C64 H36 O16 Zn1,yes,108,C61 H36 O10 Zn1,yes
IMAGAG.cif,117,C42 H62 N12 Zn1,no,61,C24 H30 N6 Zn1,no
LEZVUL.cif,117,C52 H40 N8 O16 Zn1,no,74,C33 H26 N4 O10 Zn1,no
NUGTAN.cif,117,C56 H44 N4 O12 Zn1,no,82,C39 H31 N3 O8 Zn1,no
RUWRIN.cif,117,C35 H36 N14 O28 Zn4,no,55,C17 H18 N8 O10 Zn2,no
TIGVUC.cif,117,C44 H52 N8 O12 Zn1,yes,62,C23 H29 N5 O4 Zn1,no
CEVDUF.cif,115,C52 H40 N8 O14 Zn1,no,81,C37 H30 N6 O7 Zn1,no
GAJVIY.cif,115,C56 H42 O16 Zn1,no,74,C35 H28 O10 Zn1,no
UVASAM.cif,115,C56 H46 N4 O8 Zn1,no,68,C33 H26 N2 O6 Zn1,yes
UVAROZ.cif,115,C56 H46 N4 O8 Zn1,yes,64,C31 H25 N3 O4 Zn1,yes
UVARIT.cif,115,C56 H46 N4 O8 Zn1,yes,64,C31 H25 N3 O4 Zn1,yes
UVARUF.cif,115,C56 H46 N4 O8 Zn1,yes,64,C31 H25 N3 O4 Zn1,yes
VEHJID.cif,115,C45 H36 O30 Zn4,no,53,C23 H18 O10 Zn2,yes
EDUSIF.cif,113,C48 H36 O25 Zn4,no,92,C43 H30 O15 Zn4,no
LAWFOF.cif,113,C48 H36 O25 Zn4,yes,92,C43 H30 O15 Zn4,yes
LAWFUL.cif,113,C48 H36 O25 Zn4,yes,92,C43 H30 O15 Zn4,yes
LAWGEW.cif,113,C48 H36 O25 Zn4,yes,92,C43 H30 O15 Zn4,yes
LAWGIA.cif,113,C48 H36 O25 Zn4,yes,92,C43 H30 O15 Zn4,yes
LAWGUM.cif,113,C48 H36 O25 Zn4,yes,92,C43 H30 O15 Zn4,yes
LAWGOG.cif,113,C48 H36 O25 Zn4,yes,92,C43 H30 O15 Zn4,yes
NEXVET.cif,113,C48 H36 O25 Zn4,yes,92,C43 H30 O15 Zn4,yes
NIRZAQ.cif,113,C48 H36 O25 Zn4,yes,92,C43 H30 O15 Zn4,yes
NODTIL.cif,113,C48 H36 O25 Zn4,yes,92,C43 H30 O15 Zn4,yes
NODTOR.cif,113,C48 H36 O25 Zn4,yes,92,C43 H30 O15 Zn4,yes
NODTEH.cif,113,C48 H36 O25 Zn4,yes,92,C43 H30 O15 Zn4,yes
OCOLIF.cif,113,C52 H42 N2 O16 Zn1,no,67,C30 H25 N1 O10 Zn1,no
NUCBIY.cif,113,C48 H48 N8 O8 Zn1,no,66,C29 H26 N4 O6 Zn1,yes
OYAPOV.cif,113,C54 H40 N6 O12 Zn1,no,67,C32 H24 N2 O8 Zn1,yes
PEDRIA.cif,113,C48 H36 O25 Zn4,yes,92,C43 H30 O15 Zn4,yes
NUWVIM.cif,113,C48 H48 N8 O8 Zn1,yes,66,C29 H26 N4 O6 Zn1,yes
PEVQIS.cif,113,C48 H36 O25 Zn4,yes,92,C43 H30 O15 Zn4,yes
PEVQOY.cif,113,C48 H36 O25 Zn4,yes,92,C43 H30 O15 Zn4,yes
TOHYUM.cif,113,C48 H36 O25 Zn4,yes,92,C43 H30 O15 Zn4,yes
VAZTOG.cif,113,C48 H36 O25 Zn4,yes,92,C43 H30 O15 Zn4,yes
VAZTUM.cif,113,C48 H36 O25 Zn4,yes,92,C43 H30 O15 Zn4,yes
VIBCER.cif,113,C48 H40 N8 O16 Zn1,yes,70,C31 H28 N6 O4 Zn1,yes
WISTID.cif,113,C48 H40 O24 Zn1,yes,67,C30 H24 O12 Zn1,yes
EWESAC.cif,111,C48 H40 N8 O14 Zn1,no,84,C38 H33 N5 O7 Zn1,no
GIPNIF.cif,111,C52 H40 N8 O10 Zn1,no,62,C27 H22 N4 O8 Zn1,no
GIPNOL.cif,111,C52 H40 N8 O10 Zn1,yes,62,C27 H22 N4 O8 Zn1,yes
MIQSEN.cif,111,C41 H42 O25 Zn3,yes,80,C33 H30 O14 Zn3,no
MIQSIR.cif,111,C41 H42 O25 Zn3,yes,80,C33 H30 O14 Zn3,yes
NISCOJ.cif,111,C44 H46 N12 O8 Zn1,no,59,C22 H22 N10 O4 Zn1,no
PUPNAQ.cif,111,C54 H40 N4 O12 Zn1,no,66,C31 H24 N2 O8 Zn1,yes
SAKRED.cif,111,C41 H42 O25 Zn3,yes,80,C33 H30 O14 Zn3,yes
OKIQAB.cif,111,C52 H40 N8 O10 Zn1,yes,75,C35 H28 N6 O5 Zn1,no
SOPLOA.cif,111,C50 H42 N8 O10 Zn1,yes,68,C30 H26 N6 O5 Zn1,no
XUQYEQ.cif,111,C52 H40 N8 O10 Zn1,yes,75,C35 H28 N6 O5 Zn1,yes
ZUKVEJ.cif,111,C42 H52 N8 O8 Zn1,no,56,C21 H24 N6 O4 Zn1,no
FEGNIQ.cif,110,C51 H34 N4 O20 Zn1,no,92,C45 H34 N4 O8 Zn1,no
POCRAB.cif,110,C48 H34 O27 Zn1,no,68,C30 H22 O15 Zn1,no
PURSUT.cif,110,C51 Cl1 H39 N6 O12 Zn1,no,67,C29 Cl1 H24 N5 O7 Zn1,no
DAFSEL.cif,109,C40 H38 N12 O16 Zn3,no,96,C37 H34 N12 O10 Zn3,no
COWPOU.cif,109,C54 H40 N2 O12 Zn1,no,68,C33 H25 N1 O8 Zn1,no
CODSOF.cif,109,C46 H40 N4 O18 Zn1,no,89,C40 H38 N4 O6 Zn1,no
EZUPUM.cif,109,C40 H52 N8 O8 Zn1,no,78,C29 H38 N4 O6 Zn1,no
HENYUV.cif,109,C42 H36 N6 O24 Zn1,no,65,C26 H22 N4 O12 Zn1,no
JADJOQ.cif,109,C41 H40 O25 Zn3,no,83,C34 H30 O16 Zn3,no
IWEJUS.cif,109,C42 H36 N6 O24 Zn1,yes,65,C26 H22 N4 O12 Zn1,yes
IWEKED.cif,109,C42 H36 N6 O24 Zn1,yes,70,C27 H24 N4 O14 Zn1,no
IWEJOM.cif,109,C42 H36 N6 O24 Zn1,yes,70,C27 H24 N4 O14 Zn1,yes
MAFLUD.cif,109,C40 H38 N12 O16 Zn3,yes,96,C37 H34 N12 O10 Zn3,yes
SAKRAZ.cif,109,C41 H40 O25 Zn3,yes,83,C34 H30 O16 Zn3,yes
VUDPOC.cif,109,C42 H36 N6 O24 Zn1,yes,70,C27 H24 N4 O14 Zn1,yes
VUDPIW.cif,109,C42 H36 N6 O24 Zn1,yes,70,C27 H24 N4 O14 Zn1,yes
VUDQET.cif,109,C42 H36 N6 O24 Zn1,yes,70,C27 H24 N4 O14 Zn1,yes
VUDXAW.cif,109,C42 H36 N6 O24 Zn1,yes,70,C27 H24 N4 O14 Zn1,yes
VUDPUI.cif,109,C42 H36 N6 O24 Zn1,yes,70,C27 H24 N4 O14 Zn1,yes
WIYCAL.cif,109,C41 H40 O25 Zn3,yes,83,C34 H30 O16 Zn3,yes
BAVSOJ.cif,107,C39 H46 N6 O15 Zn1,no,81,C31 H34 N4 O11 Zn1,no
FAFJIH.cif,107,B2 C40 H40 N16 O8 Zn1,no,74,B1 C29 H29 N10 O4 Zn1,no
HABRIN.cif,107,B2 C40 H40 N16 O8 Zn1,yes,74,B1 C29 H29 N10 O4 Zn1,yes
LUNGEJ.cif,107,C46 H40 N4 O16 Zn1,no,69,C32 H29 N3 O4 Zn1,no
CADCUJ.cif,106,C51 H44 N2 O8 Zn1,no,72,C34 H29 N1 O7 Zn1,no
DUPMIN.cif,106,C45 H42 N18 Zn1,no,54,C21 H22 N10 Zn1,no
GEVYEN.cif,106,C51 H37 N5 O12 Zn1,no,67,C32 H24 N2 O8 Zn1,no
CUCTAX.cif,105,C50 H36 N4 O14 Zn1,no,69,C32 H24 N2 O10 Zn1,no
KIRMOR.cif,105,C44 H40 N4 O16 Zn1,no,69,C32 H27 N3 O6 Zn1,no
MUZHUL.cif,105,C40 H32 O32 Zn1,yes,70,C31 H24 O14 Zn1,yes
NUFBEX.cif,105,C48 H32 O24 Zn1,no,66,C31 H20 O14 Zn1,yes
NIGNAW.cif,105,C40 H52 N4 O8 Zn1,yes,78,C31 H39 N3 O4 Zn1,yes
PORVUO.cif,105,C52 H40 N4 O8 Zn1,yes,68,C33 H26 N2 O6 Zn1,yes
PUSXIL.cif,105,C32 H40 O28 P4 Zn1,no,75,C27 H32 O11 P4 Zn1,no
RURQEB.cif,105,C32 F8 H30 N24 O8 Zn3,no,99,C30 H38 N24 O4 Zn3,no
YIWBIR.cif,105,C52 H40 N4 O8 Zn1,yes,64,C31 H24 N2 O6 Zn1,no
FOTBOI.cif,104,C38 H36 O26 Zn4,no,71,C22 H24 O21 Zn4,no
CACBUG.cif,103,C40 H36 N8 O18 Zn1,no,72,C27 H31 N7 O6 Zn1,no
IDULIF.cif,103,C34 H52 N8 O8 Zn1,no,46,C15 H20 N6 O4 Zn1,no
MIDRAT.cif,103,C40 H46 N4 O8 S4 Zn1,no,76,C31 H30 N4 O6 S4 Zn1,no
MUPTAU.cif,103,C24 H30 N48 Zn1,no,57,C14 H19 N23 Zn1,no
SUPLOF.cif,103,C44 H36 N4 O18 Zn1,no,83,C36 H31 N3 O12 Zn1,no
XEKKAC.cif,103,C48 H40 N6 O8 Zn1,no,66,C31 H25 N3 O6 Zn1,yes
YARSAN.cif,103,C48 H38 N4 O12 Zn1,no,90,C45 H34 N4 O6 Zn1,no
HURFEH.cif,102,C32 H44 N14 O9 Zn3,no,73,C23 H26 N14 O7 Zn3,no
MULQOA.cif,102,C30 H30 N12 O26 Zn4,no,56,C17 H18 N8 O11 Zn2,no
TEDSIG.cif,102,C41 H38 N4 O18 Zn1,no,84,C35 H38 N4 O6 Zn1,no
AFITEP.cif,101,C52 H36 N4 O8 Zn1,no,66,C33 H24 N2 O6 Zn1,no
BOYLIN.cif,101,C41 H33 N15 O10 S1 Zn1,no,62,C24 H25 N9 O2 S1 Zn1,no
DOGZIJ.cif,101,C42 H42 N4 O12 Zn1,no,90,C39 H40 N4 O6 Zn1,no
DOHNUL.cif,101,C42 H36 N10 O12 Zn1,no,68,C31 H26 N6 O4 Zn1,no
HICVOG.cif,101,C38 H36 N14 O12 Zn1,no,63,C26 H22 N10 O4 Zn1,no
JIVFUQ.cif,101,C24 H36 O32 P8 Zn1,no,86,C24 H36 O17 P8 Zn1,no
PURQEZ.cif,101,C32 H36 O32 Zn1,no,38,C11 H12 O14 Zn1,no
RAQVEM.cif,101,C40 H42 N10 O8 Zn1,no,78,C31 H36 N6 O4 Zn1,yes
ROQVIE.cif,101,C40 H36 N24 Zn1,no,51,C18 H19 N13 Zn1,no
SUJQOE.cif,101,C42 H42 N4 O12 Zn1,yes,51,C20 H21 N3 O6 Zn1,no
YARDEC.cif,101,C44 H40 N8 O8 Zn1,no,70,C31 H28 N6 O4 Zn1,yes
YASPEP.cif,101,C44 H44 N4 O8 Zn1,yes,72,C33 H31 N3 O4 Zn1,yes
ZEKCEA.cif,101,C48 H40 N4 O8 Zn1,no,66,C31 H26 N2 O6 Zn1,yes
BONWIL.cif,100,C34 H36 N2 O27 Zn1,no,69,C23 H29 N1 O15 Zn1,no
IBICAZ.cif,100,C33 Cl1 H53 N6 O6 Zn1,no,67,C24 Cl1 H32 N5 O4 Zn1,no
IBICIH.cif,100,C33 Cl1 H53 N6 O6 Zn1,yes,67,C24 Cl1 H32 N5 O4 Zn1,yes
JUYROM.cif,100,C44 H36 N4 O15 Zn1,no,80,C36 H31 N3 O9 Zn1,no
CIXDIZ.cif,99,C24 H34 N40 Zn1,no,62,C13 H24 N24 Zn1,no
CUYHIO.cif,99,C44 H42 N4 O8 Zn1,no,70,C33 H29 N3 O4 Zn1,no
EBISAM.cif,99,C38 H44 N8 O8 Zn1,no,69,C28 H30 N6 O4 Zn1,no
JICXIF.cif,99,C44 H38 N4 O12 Zn1,no,77,C36 H31 N3 O6 Zn1,no
LEDLAJ.cif,99,C48 H36 N4 O10 Zn1,no,66,C31 H24 N2 O8 Zn1,no
MUQSAU.cif,99,C44 H36 N2 O16 Zn1,no,63,C28 H23 N1 O10 Zn1,no
OZIKAM.cif,99,C40 H44 N6 O8 Zn1,no,56,C23 H24 N4 O4 Zn1,no
BEPPIX.cif,98,C33 H52 N6 O6 Zn1,yes,80,C27 H40 N6 O6 Zn1,yes
CAVRAU.cif,98,C32 H42 N12 O9 Zn3,no,69,C23 H24 N12 O7 Zn3,no
HABREJ.cif,98,B2 C35 H38 N18 O4 Zn1,no,68,B1 C25 H27 N12 O2 Zn1,no
KOBMIA.cif,97,C42 H40 N4 O10 Zn1,no,68,C31 H27 N3 O6 Zn1,no
KOBKIY.cif,97,C42 H40 N4 O10 Zn1,yes,68,C31 H27 N3 O6 Zn1,yes
LODPUR.cif,97,C44 H36 N12 O4 Zn1,no,58,C25 H22 N8 O2 Zn1,no
MIMSUY.cif,97,C42 H38 N4 O12 Zn1,yes,89,C40 H36 N4 O8 Zn1,yes
NINTEM.cif,97,C40 H34 N4 O18 Zn1,no,71,C27 H27 N3 O13 Zn1,no
ODIVUU.cif,97,C36 H34 N10 O16 Zn1,no,76,C27 H28 N10 O10 Zn1,no
PUWDEQ.cif,97,C48 H32 O16 Zn1,yes,86,C45 H30 O10 Zn1,yes
SUFZAX.cif,97,C40 H44 N6 O6 Zn1,no,80,C33 H35 N5 O6 Zn1,no
VIYZIO.cif,97,C46 H36 N2 O12 Zn1,yes,78,C39 H29 N1 O8 Zn1,no
ZEKCIE.cif,97,C48 H36 N4 O8 Zn1,yes,64,C31 H24 N2 O6 Zn1,yes
BEPPOD.cif,96,C33 H50 N6 O6 Zn1,no,65,C24 H31 N5 O4 Zn1,no
LISXEU.cif,96,C40 H28 N4 O21 S2 Zn1,no,78,C34 H28 N4 O9 S2 Zn1,no
REFMEW.cif,96,C43 H30 N4 O18 Zn1,no,78,C37 H30 N4 O6 Zn1,no
GERVEH.cif,95,C48 H36 N2 O8 Zn1,no,67,C34 H26 N2 O4 Zn1,no
HIWXER.cif,95,C10 H33 N45 O4 Zn3,no,70,C7 H23 N33 O4 Zn3,no
NAHGUB.cif,95,C36 H26 N16 O16 Zn1,no,51,C18 H14 N12 O6 Zn1,no
OBUFEX.cif,95,C38 H34 N4 O18 Zn1,no,47,C18 H19 N3 O6 Zn1,yes
UHOMEL.cif,95,C36 H40 N8 O10 Zn1,no,44,C19 H17 N3 O4 Zn1,yes
NEBLOY.cif,94,C39 H30 N6 O18 Zn1,no,70,C31 H26 N6 O6 Zn1,no
RUGKOV.cif,94,C30 H30 N20 O10 Zn4,no,45,C15 H15 N11 O2 Zn2,no
TENLIJ.cif,94,C39 H36 N6 O12 Zn1,no,91,C38 H36 N6 O10 Zn1,no
AQEQIW.cif,93,C40 H20 O32 Zn1,no,66,C31 H20 O14 Zn1,no
DITXOU.cif,93,C40 H20 O32 Zn1,yes,66,C31 H20 O14 Zn1,yes
FABFOF.cif,93,C40 H20 O32 Zn1,yes,66,C31 H20 O14 Zn1,yes
ESEDIQ.cif,93,C48 H28 O16 Zn1,no,84,C45 H28 O10 Zn1,no
HAXCUI.cif,93,C48 H28 O16 Zn1,yes,84,C45 H28 O10 Zn1,yes
HEDDON.cif,93,C36 H30 N14 O12 Zn1,no,65,C26 H23 N11 O4 Zn1,no
LAZJIH.cif,93,C40 H20 O32 Zn1,yes,66,C31 H20 O14 Zn1,yes
OGIBUD.cif,93,C40 H20 O32 Zn1,yes,66,C31 H20 O14 Zn1,yes
PIJJOI.cif,93,C36 H40 N8 O8 Zn1,no,66,C27 H28 N6 O4 Zn1,no
QOBGEV.cif,93,C40 H20 O32 Zn1,yes,66,C31 H20 O14 Zn1,yes
RIGTIL.cif,93,C40 H20 O32 Zn1,yes,66,C31 H20 O14 Zn1,yes
UGUQOC.cif,93,C40 H20 O32 Zn1,yes,66,C31 H20 O14 Zn1,yes
VIXVUV.cif,93,C36 H44 N4 O8 Zn1,yes,46,C19 H19 N3 O4 Zn1,yes
UQEVIY.cif,93,C24 H32 N16 O18 Zn3,no,82,C21 H30 N16 O12 Zn3,no
UQETUI.cif,93,C24 H32 N16 O18 Zn3,yes,82,C21 H30 N16 O12 Zn3,yes
KIGCEK.cif,92,C30 H46 N6 O9 Zn1,no,65,C23 H31 N5 O5 Zn1,no
FIFPES.cif,91,C24 H30 N36 Zn1,no,55,C14 H19 N21 Zn1,no
FUTZEB.cif,91,C36 H30 O24 Zn1,yes,67,C30 H24 O12 Zn1,yes
ELIYUU.cif,91,C9 Cl1 H41 N3 O27 P9 Zn1,no,41,C3 Cl1 H19 N1 O11 P5 Zn1,no
HOFMAS.cif,91,C34 H38 N10 O8 Zn1,no,66,C25 H28 N8 O4 Zn1,no
IDUKOK.cif,91,C30 H44 N8 O8 Zn1,no,46,C15 H20 N6 O4 Zn1,yes
OZAYIZ.cif,91,C42 H27 N3 O18 Zn1,no,60,C27 H19 N3 O10 Zn1,no
SOMPES.cif,91,C39 H35 N3 O13 Zn1,no,57,C25 H22 N2 O7 Zn1,no
BOWQAG.cif,89,C36 H32 N20 Zn1,no,52,C19 H18 N14 Zn1,no
KOBKAQ.cif,89,C40 H36 N4 O8 Zn1,yes,66,C31 H27 N3 O4 Zn1,no
KOBKEU.cif,89,C40 H36 N4 O8 Zn1,yes,66,C31 H27 N3 O4 Zn1,yes
LICKAL.cif,89,C21 H37 N3 O21 P6 Zn1,no,65,C19 H29 N3 O9 P4 Zn1,no
OYEBIE.cif,89,C40 H36 N4 O8 Zn1,yes,66,C31 H27 N3 O4 Zn1,yes
UNAGUN.cif,89,C36 H28 O24 Zn1,yes,67,C30 H24 O12 Zn1,yes
TIGSOT.cif,89,C21 H37 N3 O21 P6 Zn1,yes,65,C19 H29 N3 O9 P4 Zn1,yes
UQEVUK.cif,89,C24 H30 N14 O18 Zn3,no,78,C21 H28 N14 O12 Zn3,no
XIMPOA.cif,89,C36 H36 N8 O8 Zn1,yes,50,C19 H20 N6 O4 Zn1,no
ZARZAV.cif,89,C40 F8 H28 N4 O8 Zn1,no,66,C31 H27 N3 O4 Zn1,yes
CEHKOT.cif,87,C32 H36 N8 O8 S2 Zn1,no,60,C23 H24 N6 O4 S2 Zn1,no
DEVWOT.cif,87,C40 H34 N4 O8 Zn1,no,75,C36 H30 N4 O4 Zn1,no
FOJVUX.cif,87,C36 H30 N12 O8 Zn1,yes,61,C26 H21 N9 O4 Zn1,no
FURFOP.cif,87,C32 H36 N8 O8 S2 Zn1,yes,60,C23 H24 N6 O4 S2 Zn1,yes
MIQLEE.cif,87,C36 H26 O24 Zn1,yes,67,C30 H24 O12 Zn1,yes
OLELID.cif,87,C36 H30 N12 O8 Zn1,yes,53,C20 H18 N10 O4 Zn1,yes
QUQWOQ.cif,87,C34 H30 N10 O12 Zn1,no,71,C26 H26 N10 O8 Zn1,no
UNAGOH.cif,87,C36 H26 O24 Zn1,yes,65,C30 H22 O12 Zn1,yes
TUXYOD.cif,87,C32 H36 N8 O8 S2 Zn1,yes,60,C23 H24 N6 O4 S2 Zn1,yes
VEKPOT.cif,87,C38 H30 N10 O8 Zn1,no,63,C28 H23 N7 O4 Zn1,no
WULQUR.cif,87,C36 H26 O24 Zn1,yes,65,C30 H22 O12 Zn1,yes
AQAJEI.cif,85,C36 H28 N12 O8 Zn1,no,53,C20 H18 N10 O4 Zn1,no
EBOCOQ.cif,85,C36 H36 N4 O8 Zn1,no,48,C21 H19 N3 O4 Zn1,no
FUTYEA.cif,85,C36 H24 O24 Zn1,no,65,C30 H22 O12 Zn1,no
FUTZAX.cif,85,C36 H24 O24 Zn1,yes,65,C30 H22 O12 Zn1,yes
MITWAQ.cif,85,C36 H28 N12 O8 Zn1,yes,62,C27 H22 N8 O4 Zn1,yes
NANYUX.cif,85,C36 H24 O24 Zn1,yes,65,C30 H22 O12 Zn1,yes
NAPBOY.cif,85,C40 H36 N8 Zn1,no,54,C25 H23 N5 Zn1,no
OQOXAV.cif,85,C8 F4 H30 N40 Zn3,no,85,C8 F4 H30 N40 Zn3,no
PEJNUP.cif,85,C36 H24 O24 Zn1,yes,63,C30 H20 O12 Zn1,yes
PEJPAX.cif,85,C36 H24 O24 Zn1,yes,63,C30 H20 O12 Zn1,yes
RACZIG.cif,85,C38 F16 H16 N2 O12 Zn1,no,77,C36 H30 N2 O8 Zn1,no
RUMRUO.cif,85,C8 F4 H30 N40 Zn3,yes,85,C8 F4 H30 N40 Zn3,yes
TANNUT.cif,85,C38 H30 N4 O12 Zn1,no,62,C29 H25 N3 O4 Zn1,no
VEHKAW.cif,85,C36 H24 O24 Zn1,yes,65,C30 H22 O12 Zn1,yes
XAPNIN.cif,85,C36 H24 O24 Zn1,yes,65,C30 H22 O12 Zn1,yes
FUDYUB.cif,84,C42 H22 N2 O16 Zn2,no,61,C29 H17 N1 O12 Zn2,no
VEMDAT.cif,84,C28 H27 N2 O20 P3 S3 Zn1,no,75,C28 H35 N2 O3 P3 S3 Zn1,no
DEDGIF.cif,83,C30 H32 N12 O8 Zn1,no,60,C23 H23 N9 O4 Zn1,no
FUTZOL.cif,83,C36 H22 O24 Zn1,yes,65,C30 H22 O12 Zn1,yes
PARFOG.cif,83,C34 H31 N5 O12 Zn1,yes,67,C30 H27 N5 O4 Zn1,yes
QUQHEQ.cif,83,C26 H36 N4 O16 Zn1,no,60,C17 H27 N3 O12 Zn1,no
ZEQQEU.cif,83,C34 H31 N5 O12 Zn1,yes,67,C30 H27 N5 O4 Zn1,yes
BEPMIU.cif,82,C27 Cl1 H41 N6 O6 Zn1,no,61,C22 Cl1 H28 N5 O4 Zn1,no
BEPPAP.cif,82,C27 Cl1 H41 N6 O6 Zn1,yes,61,C22 Cl1 H28 N5 O4 Zn1,yes
COTYER.cif,81,C36 H26 N6 O12 Zn1,no,58,C25 H21 N5 O6 Zn1,no
FOZJAI.cif,81,C34 H29 N5 O12 Zn1,no,67,C30 H27 N5 O4 Zn1,no
FOXHAE.cif,81,C28 H36 N6 O10 Zn1,no,67,C22 H32 N6 O6 Zn1,no
NISPEL.cif,81,C28 H28 O20 P4 Zn1,no,70,C27 H28 O10 P4 Zn1,no
QIVYUR.cif,81,C36 H32 N4 O8 Zn1,yes,44,C19 H17 N3 O4 Zn1,yes
RAXCAW.cif,81,C28 H28 O20 P4 Zn1,yes,68,C26 H28 O9 P4 Zn1,no
QUDGED.cif,81,C36 H26 N6 O12 Zn1,yes,55,C24 H18 N4 O8 Zn1,yes
UDOVUG.cif,81,C28 H28 O20 P4 Zn1,yes,68,C26 H28 O9 P4 Zn1,yes
VITTUR.cif,81,C36 H29 N15 Zn1,no,49,C22 H19 N7 Zn1,no
VIXTUT.cif,81,C32 H36 N4 O8 Zn1,yes,46,C19 H19 N3 O4 Zn1,yes
XOJWID.cif,81,C28 H28 O20 P4 Zn1,yes,68,C26 H28 O9 P4 Zn1,yes
XOJWOJ.cif,81,C28 H28 O20 P4 Zn1,yes,68,C26 H28 O9 P4 Zn1,yes
BEPLUF.cif,80,C27 H40 N6 O6 Zn1,no,61,C22 H29 N5 O4 Zn1,no
BEPMAM.cif,80,C27 H40 N6 O6 Zn1,yes,61,C22 H29 N5 O4 Zn1,yes
MAWTUC.cif,80,C27 H40 N6 O6 Zn1,yes,74,C25 H36 N6 O6 Zn1,yes
OWAVOY.cif,80,C31 H27 N3 O18 Zn1,no,60,C25 H21 N3 O10 Zn1,no
RAMWOV.cif,79,C32 H26 N6 O12 S2 Zn1,no,59,C22 H23 N5 O6 S2 Zn1,no
BEPNOB.cif,78,C27 H38 N6 O6 Zn1,yes,72,C25 H34 N6 O6 Zn1,no
BEPNIV.cif,78,C27 H38 N6 O6 Zn1,yes,72,C25 H34 N6 O6 Zn1,yes
NUVXOT.cif,78,C24 H26 N12 O13 Zn3,no,63,C21 H20 N12 O7 Zn3,no
YATDUV.cif,78,C24 H26 N12 O13 Zn3,yes,68,C22 H22 N12 O9 Zn3,no
CEWZAI.cif,77,C26 H28 N12 O8 S2 Zn1,no,54,C19 H19 N9 O4 S2 Zn1,no
CUQRIR.cif,77,C28 H35 N9 O4 Zn1,no,59,C22 H23 N9 O4 Zn1,yes
EQEROJ.cif,77,C28 H30 N2 O16 Zn1,no,60,C23 H28 N2 O6 Zn1,no
IQEKOG.cif,77,C30 H25 N9 O12 Zn1,yes,48,C19 H16 N6 O6 Zn1,yes
LACQIS.cif,77,C27 H30 N12 O7 Zn1,no,54,C18 H22 N8 O5 Zn1,no
OBOYEN.cif,77,C32 H16 N4 O24 Zn1,no,68,C29 H22 N4 O12 Zn1,no
REDYEG.cif,77,C24 F8 H30 N4 O8 Zn3,no,72,C23 F8 H28 N4 O6 Zn3,no
RUSBEP.cif,77,C32 H16 N4 O24 Zn1,yes,68,C29 H22 N4 O12 Zn1,yes
UZAJIR.cif,77,C28 H26 N8 O14 Zn1,no,66,C26 H24 N6 O9 Zn1,no
ZEKNUB.cif,77,C32 H32 N4 O8 Zn1,yes,44,C19 H17 N3 O4 Zn1,yes
IQEKUM.cif,75,C30 H23 N9 O12 Zn1,no,48,C19 H16 N6 O6 Zn1,yes
XECBUD.cif,75,C30 H28 N8 O8 Zn1,yes,56,C23 H21 N7 O4 Zn1,no
XINFUW.cif,75,C32 H26 O16 Zn1,no,64,C29 H24 O10 Zn1,no
KOCWIJ.cif,74,C24 H24 N8 O12 S5 Zn1,no,53,C17 H23 N5 O3 S4 Zn1,no
EBOBIJ.cif,73,C32 H28 N4 O8 Zn1,no,44,C19 H17 N3 O4 Zn1,no
GELJAJ.cif,73,C26 H32 N4 O8 S2 Zn1,no,51,C18 H25 N3 O2 S2 Zn1,no
MIQRAI.cif,73,C24 H34 N4 O8 S2 Zn1,no,65,C22 H32 N4 O4 S2 Zn1,no
MOMRIR.cif,73,C22 H36 N4 O10 Zn1,no,61,C18 H28 N4 O10 Zn1,no
QOZDOY.cif,73,C32 H28 N4 O8 Zn1,yes,59,C26 H24 N4 O4 Zn1,no
RAXCEA.cif,73,C24 H24 O20 P4 Zn1,no,33,C7 H13 O9 P3 Zn1,no
REYPIW.cif,73,C28 H26 N10 O8 Zn1,no,54,C21 H19 N9 O4 Zn1,no
PEGBAG.cif,72,C21 H32 N18 Zn1,no,40,C11 H16 N12 Zn1,no
PEGBUA.cif,72,C21 H32 N18 Zn1,yes,40,C11 H16 N12 Zn1,yes
PEGCEL.cif,72,C21 H32 N18 Zn1,yes,40,C11 H16 N12 Zn1,yes
PEGCAH.cif,72,C21 H32 N18 Zn1,yes,40,C11 H16 N12 Zn1,yes
SOCNEG.cif,72,C21 H32 N18 Zn1,yes,40,C11 H16 N12 Zn1,yes
ZAWCEI.cif,72,C21 H32 N18 Zn1,yes,40,C11 H16 N12 Zn1,yes
ZAWBUX.cif,72,C21 H32 N18 Zn1,yes,40,C11 H16 N12 Zn1,yes
ZAWCAE.cif,72,C21 H32 N18 Zn1,yes,40,C11 H16 N12 Zn1,yes
OPOBIF.cif,71,C24 H29 N9 O8 Zn1,no,66,C23 H27 N9 O6 Zn1,no
YARSIV.cif,71,C28 H26 N8 O8 Zn1,no,54,C19 H20 N6 O8 Zn1,no
ATOWIQ.cif,69,C24 H30 N6 O8 Zn1,no,52,C19 H20 N6 O6 Zn1,no
ATOWOW.cif,69,C24 H30 N6 O8 Zn1,yes,52,C19 H20 N6 O6 Zn1,yes
CAVMOD.cif,69,C30 H30 N2 O6 Zn1,no,69,C30 H30 N2 O6 Zn1,no
PESSIT.cif,69,C30 H24 N6 O8 Zn1,no,55,C24 H19 N5 O6 Zn1,no
YASLOW.cif,68,C24 H24 N4 O15 Zn1,no,59,C21 H24 N4 O9 Zn1,no
BUCXUT.cif,66,C12 H26 N24 S1 Zn3,no,66,C12 H26 N24 S1 Zn3,no
ISIWOZ.cif,66,C27 H23 N15 Zn1,no,56,C23 H21 N11 Zn1,no
MUDTAJ.cif,66,C27 H23 N15 Zn1,yes,51,C20 H18 N12 Zn1,no
POVGEP.cif,66,C27 H23 N15 Zn1,yes,46,C17 H17 N11 Zn1,no
VAJHIA.cif,66,C25 H22 N14 O4 Zn1,no,49,C16 H16 N12 O4 Zn1,no
BAYREB.cif,65,C28 H18 N6 O12 Zn1,no,59,C26 H18 N6 O8 Zn1,no
GOVKOU.cif,65,C12 H28 O20 P4 Zn1,no,30,C4 H13 O9 P3 Zn1,no
IMACZN.cif,65,C16 H28 N4 O16 Zn1,no,28,C7 H9 N1 O10 Zn1,no
KEXKEF.cif,65,C22 H28 N2 O12 Zn1,no,50,C17 H22 N2 O8 Zn1,no
NEHZIK.cif,65,C24 H24 N8 O8 Zn1,no,51,C18 H20 N8 O4 Zn1,no
YIKLUZ.cif,65,C12 H28 O20 P4 Zn1,yes,30,C4 H13 O9 P3 Zn1,yes
HIZLOU.cif,64,C15 H18 N30 Zn1,yes,50,C13 H16 N20 Zn1,no
JEDVIA.cif,64,C27 H18 O18 Zn1,no,50,C23 H16 O10 Zn1,no
GUQTOB.cif,63,C2 H19 O32 P7 Zn3,no,46,C2 H19 O15 P7 Zn3,no
KOSZEA.cif,63,C24 H24 N8 O6 Zn1,no,55,C22 H22 N8 O2 Zn1,no
XOSQUR.cif,63,H20 O32 P8 Zn3,no,44,H20 O13 P8 Zn3,no
DUWFOS.cif,62,C13 H22 N24 O2 Zn1,no,47,C8 H17 N19 O2 Zn1,no
FUWXOL.cif,62,C15 H16 N30 Zn1,no,41,C10 H11 N19 Zn1,no
KEXPOU.cif,62,C21 H26 N2 O12 Zn1,no,47,C16 H20 N2 O8 Zn1,no
CUQRUD.cif,61,C22 H25 N9 O4 Zn1,no,61,C22 H25 N9 O4 Zn1,no
FIQZAH.cif,61,C12 H22 O24 Zn3,no,61,C12 H22 O24 Zn3,no
ITIPAE.cif,61,C12 H22 O24 Zn3,yes,61,C12 H22 O24 Zn3,yes
LEVPAF.cif,61,C28 H24 N2 O6 Zn1,no,61,C28 H24 N2 O6 Zn1,no
MIMVEJ.cif,61,C24 H24 N4 O8 Zn1,no,51,C22 H20 N4 O4 Zn1,no
RIPNUB.cif,61,C28 H24 N8 Zn1,no,61,C28 H24 N8 Zn1,no
RIPPEN.cif,61,C28 H24 N8 Zn1,yes,61,C28 H24 N8 Zn1,yes
VELVIS.cif,61,C28 H24 N8 Zn1,yes,61,C28 H24 N8 Zn1,yes
MIHHIV.cif,61,C28 H24 N8 Zn1,yes,61,C28 H24 N8 Zn1,yes
KEJBAG.cif,60,C6 H26 O21 P6 Zn1,no,35,C2 H17 O10 P5 Zn1,no
KEJBEK.cif,60,C6 H26 O21 P6 Zn1,yes,30,C2 H14 O9 P4 Zn1,no
FENVOL.cif,59,C22 H10 O22 P2 Zn3,no,29,C6 H4 O14 P2 Zn3,no
GUCJAQ.cif,59,C20 H18 N2 O16 P2 Zn1,no,46,C17 H20 N2 O4 P2 Zn1,no
MEJQID.cif,59,C22 H20 N12 O4 Zn1,no,56,C21 H20 N12 O2 Zn1,no
MEJQEZ.cif,59,C22 H20 N12 O4 Zn1,yes,56,C21 H20 N12 O2 Zn1,yes
MEJQOJ.cif,59,C22 H20 N12 O4 Zn1,yes,56,C21 H20 N12 O2 Zn1,yes
OPUDIN.cif,59,C8 H22 O24 P4 Zn1,no,35,C3 H16 O11 P4 Zn1,no
UXUZAP.cif,59,C22 H20 N12 O4 Zn1,yes,56,C21 H20 N12 O2 Zn1,yes
TESGUU.cif,59,C12 H20 O24 Zn3,yes,59,C12 H20 O24 Zn3,yes
TESHAB.cif,59,C12 H20 O24 Zn3,yes,59,C12 H20 O24 Zn3,yes
TESGOO.cif,59,C12 H20 O24 Zn3,yes,59,C12 H20 O24 Zn3,yes
TEVZOK.cif,59,C12 H20 O24 Zn3,yes,59,C12 H20 O24 Zn3,yes
TEVZEA.cif,59,C12 H20 O24 Zn3,yes,59,C12 H20 O24 Zn3,yes
TEVZIE.cif,59,C12 H20 O24 Zn3,yes,59,C12 H20 O24 Zn3,yes
TEVZUQ.cif,59,C12 H20 O24 Zn3,yes,59,C12 H20 O24 Zn3,yes
ZUFGUF.cif,59,C14 H23 N15 O6 Zn1,no,59,C14 H23 N15 O6 Zn1,no
CIMFOV.cif,57,C16 H20 N12 O8 Zn1,no,51,C14 H24 N12 Zn1,no
HOWPUF.cif,57,C20 H22 N6 O8 Zn1,yes,51,C18 H22 N6 O4 Zn1,no
SARNOQ.cif,57,C12 H11 N33 Zn1,no,33,C6 H7 N19 Zn1,no
VACFUB.cif,57,C24 H20 N4 O8 Zn1,yes,51,C22 H20 N4 O4 Zn1,yes
KEXKAB.cif,56,C19 H22 N2 O12 Zn1,no,41,C14 H16 N2 O8 Zn1,no
CEQBUV.cif,55,H17 O28 P7 Zn3,no,40,H17 O13 P7 Zn3,no
DAFTIQ.cif,55,C20 H20 N6 O8 Zn1,no,52,C19 H20 N6 O6 Zn1,yes
IPIJEY.cif,55,C24 H18 N8 O4 Zn1,no,52,C23 H18 N8 O2 Zn1,no
LUFXAO.cif,55,C22 H20 N2 O8 S2 Zn1,no,42,C18 H15 N1 O6 S1 Zn1,no
NAXLII.cif,55,C18 H22 N4 O8 P2 Zn1,no,51,C18 H24 N4 O2 P2 Zn1,no
TISKOW.cif,55,C12 H24 N18 Zn1,no,55,C12 H24 N18 Zn1,no
ZEPDOQ.cif,55,C10 H24 N20 Zn1,no,55,C10 H24 N20 Zn1,no
UMEKII.cif,54,C17 H17 N15 O4 Zn1,no,54,C17 H17 N15 O4 Zn1,no
KUNRAO.cif,53,C18 H21 N9 O4 Zn1,yes,53,C18 H21 N9 O4 Zn1,yes
MIHHAN.cif,53,C20 H16 N16 Zn1,no,53,C20 H16 N16 Zn1,no
ZUSBIA.cif,53,C18 H21 N9 O4 Zn1,yes,53,C18 H21 N9 O4 Zn1,yes
XEDPED.cif,53,C20 H18 N10 O4 Zn1,yes,53,C20 H22 N10 Zn1,no
BUKMUQ.cif,52,C21 H15 N3 O12 Zn1,no,43,C18 H15 N3 O6 Zn1,no
KIMFEV.cif,52,C13 H21 N13 O4 Zn1,no,52,C13 H21 N13 O4 Zn1,no
MOGVAG.cif,52,C8 H20 N16 O5 S1 Zn2,no,52,C8 H22 N16 O3 S1 Zn2,no
BOFCEG.cif,51,C16 H17 N9 O8 Zn1,no,51,C16 H17 N9 O8 Zn1,no
DONXOV.cif,51,C16 H16 N8 O8 S2 Zn1,no,49,C16 H20 N8 O2 S2 Zn1,no
JICCUW.cif,51,C13 H23 N2 O9 P3 Zn1,no,36,C10 H17 N2 O3 P3 Zn1,no
KUNQUH.cif,51,C18 H19 N9 O4 Zn1,no,51,C18 H19 N9 O4 Zn1,no
QIFLIC.cif,51,C14 H20 N12 O4 Zn1,yes,51,C14 H20 N12 O4 Zn1,yes
SUFJOU.cif,51,C14 H21 N11 O4 Zn1,no,51,C14 H21 N11 O4 Zn1,no
ZUSBOG.cif,51,C18 H19 N9 O4 Zn1,yes,51,C18 H19 N9 O4 Zn1,yes
HIJSAY.cif,50,C17 H18 N12 O2 Zn1,no,N/A,N/A,no
HIJSEC.cif,50,C17 H18 N12 O2 Zn1,yes,N/A,N/A,no
EMAPAK.cif,49,C16 H24 N8 Zn1,no,N/A,N/A,no
EWIDUK.cif,49,C16 H24 N8 Zn1,yes,N/A,N/A,no
FAQVEA.cif,49,C16 H18 N10 O4 Zn1,no,N/A,N/A,no
FAWCEN.cif,49,C16 H24 N8 Zn1,yes,N/A,N/A,no
MECWEX.cif,49,C16 H24 N8 Zn1,yes,N/A,N/A,no
NIFREC.cif,49,C16 H24 N8 Zn1,yes,N/A,N/A,no
NIFSED.cif,49,C16 H24 N8 Zn1,yes,N/A,N/A,no
NIFSUT.cif,49,C16 H24 N8 Zn1,yes,N/A,N/A,no
OGAGAF.cif,49,C13 H21 N2 O9 P3 Zn1,yes,N/A,N/A,no
OGAGIN.cif,49,C13 H21 N2 O9 P3 Zn1,yes,N/A,N/A,no
OGAGEJ.cif,49,C13 H21 N2 O9 P3 Zn1,yes,N/A,N/A,no
PENZUE.cif,49,C13 H21 N2 O9 P3 Zn1,yes,N/A,N/A,no
PEPBAO.cif,49,C13 H21 N2 O9 P3 Zn1,yes,N/A,N/A,no
SEFVAC.cif,49,C16 H24 N8 Zn1,yes,N/A,N/A,no
SEFTUU.cif,49,C16 H24 N8 Zn1,yes,N/A,N/A,no
SEFVEG.cif,49,C16 H24 N8 Zn1,yes,N/A,N/A,no
SEFVUW.cif,49,C8 H24 N16 Zn1,no,N/A,N/A,no
SEFWOR.cif,49,C8 H24 N16 Zn1,yes,N/A,N/A,no
SEFWEH.cif,49,C16 H24 N8 Zn1,yes,N/A,N/A,no
SEFWAD.cif,49,C16 H24 N8 Zn1,yes,N/A,N/A,no
TOTWAC.cif,49,C16 H18 N10 O4 Zn1,yes,N/A,N/A,no
WIJDAV.cif,49,C14 H20 N6 O8 Zn1,no,N/A,N/A,no
AZOHEC.cif,47,C14 H19 N3 O8 P2 Zn1,no,N/A,N/A,no
GIRHEW.cif,47,C14 H16 N12 O4 Zn1,no,N/A,N/A,no
KOTSIX.cif,47,C20 H10 O16 Zn1,no,N/A,N/A,no
LEGGIO.cif,47,C14 H19 N9 O4 Zn1,yes,N/A,N/A,no
SUFJIO.cif,47,C14 H19 N9 O4 Zn1,yes,N/A,N/A,no
XAKCIZ.cif,47,C14 H19 N9 O4 Zn1,yes,N/A,N/A,no
FIDMEL.cif,46,C4 H26 N4 O9 Zn3,no,N/A,N/A,no
ECASAD.cif,45,C10 H17 N2 O12 P3 Zn1,no,N/A,N/A,no
GITWIQ.cif,45,C12 H12 N12 O8 Zn1,no,N/A,N/A,no
LACJAC.cif,45,C14 H17 N9 O4 Zn1,no,N/A,N/A,no
LAJJAK.cif,45,C14 H17 N9 O4 Zn1,yes,N/A,N/A,no
OGUZIA.cif,45,C6 H17 O18 P3 Zn1,no,N/A,N/A,no
WECBAJ.cif,45,C10 H17 N2 O12 P3 Zn1,yes,N/A,N/A,no
MOYMOF.cif,44,C13 H16 N4 O10 Zn1,no,N/A,N/A,no
MUDKOM.cif,43,C8 H17 N13 O4 Zn1,no,N/A,N/A,no
XEDPON.cif,42,C15 H14 N12 Zn1,no,N/A,N/A,no
ESIGES.cif,41,C8 H13 O16 P3 Zn1,no,N/A,N/A,no
IHECAB.cif,41,C8 H16 N12 O4 Zn1,no,N/A,N/A,no
ITOSEQ.cif,41,C8 H13 O16 P3 Zn1,yes,N/A,N/A,no
MIGYAF.cif,41,C12 H14 N4 O10 Zn1,no,N/A,N/A,no
SIVGIP.cif,41,C8 H16 N16 Zn1,yes,N/A,N/A,no
SIVGOV.cif,41,C8 H16 N16 Zn1,yes,N/A,N/A,no
TEBSAW.cif,41,C8 H16 N16 Zn1,yes,N/A,N/A,no
WALCET.cif,41,C8 H16 N12 O4 Zn1,yes,N/A,N/A,no
WALBOC.cif,41,C8 H16 N12 O4 Zn1,yes,N/A,N/A,no
YOZBUL.cif,41,C12 Cl4 H10 N10 O4 Zn1,no,N/A,N/A,no
KUPJIR.cif,40,C10 H12 N2 O12 S3 Zn1,no,N/A,N/A,no
GAWQOO.cif,39,C4 H16 O14 P4 Zn1,no,N/A,N/A,no
KOMGUP.cif,39,C7 H16 N12 O3 Zn1,no,N/A,N/A,no
KOMHAW.cif,39,C7 H16 N12 O3 Zn1,yes,N/A,N/A,no
XIZJEW.cif,39,C6 H17 N2 O10 P3 Zn1,no,N/A,N/A,no
AWEDUC.cif,38,C16 H13 N6 O2 Zn1,no,N/A,N/A,no
HIFWAV.cif,37,C12 H16 N8 Zn1,no,N/A,N/A,no
GOQSIQ.cif,37,C12 H16 N8 Zn1,yes,N/A,N/A,no
ULUVUT.cif,37,C4 H12 N20 Zn1,no,N/A,N/A,no
USUBUG.cif,37,C4 H12 N20 Zn1,yes,N/A,N/A,no
VEJYIT.cif,37,C12 H16 N8 Zn1,yes,N/A,N/A,no
VEJYOZ.cif,37,C12 H16 N8 Zn1,yes,N/A,N/A,no
VEJYUF.cif,37,C12 H16 N8 Zn1,yes,N/A,N/A,no
OPUDOT.cif,36,C4 H13 O15 P3 Zn1,no,N/A,N/A,no
JUWBIO.cif,35,C8 H13 N9 O4 Zn1,no,N/A,N/A,no
TASYAR.cif,35,C8 H13 N9 O4 Zn1,yes,N/A,N/A,no
GOVHOQ.cif,33,H12 O16 P4 Zn1,no,N/A,N/A,no
ELUQIM.cif,31,C6 H12 O12 Zn1,no,N/A,N/A,no
SIWQIA.cif,31,C6 H12 O12 Zn1,yes,N/A,N/A,no
WOWGUK.cif,29,H8 O16 P4 Zn1,yes,N/A,N/A,no
PANYOU.cif,27,C8 H10 O8 Zn1,no,N/A,N/A,no
RAVKUY.cif,25,C6 H6 O12 Zn1,yes,N/A,N/A,no
SEYQIW.cif,25,C6 H6 O12 Zn1,yes,N/A,N/A,no
WECBEN.cif,25,C6 H6 O12 Zn1,yes,N/A,N/A,noSETHAD.cif,109,C48 H36 N8 O14 S2 Zn1,no,79,C35 H28 N6 O8 S1 Zn1,no
SIQTEU.cif,222,C75 H82 N24 O38 Zn3,no,134,C41 H49 N21 O20 Zn3,no
SIVGUB.cif,452,C200 H152 O96 Zn4,no,116,C53 H38 O23 Zn2,no
SOCNUW.cif,70,C21 H28 N18 O2 Zn1,no,40,C11 H16 N12 Zn1,yes
SOFKOQ.cif,105,C48 H36 N8 O8 S4 Zn1,no,68,C33 H23 N5 O4 S2 Zn1,no
SOKCOM.cif,151,C66 H62 N6 O16 Zn1,no,93,C40 H38 N4 O10 Zn1,yes
SUFZEB.cif,61,C24 H26 N4 O6 Zn1,no,60,C23 H26 N4 O6 Zn1,no
SITTUM.cif,310,C106 H154 N12 O34 Zn4,no,144,C49 H70 N6 O17 Zn2,no
SUGDIJ.cif,353,C162 H132 N18 O37 Zn4,no,143,C62 H52 N8 O17 Zn4,no
SUJREV.cif,155,C66 H68 N8 O12 Zn1,no,78,C33 H33 N5 O6 Zn1,yes
TACPAP.cif,171,C48 H56 O64 Zn3,no,72,C18 H24 O27 Zn3,no
SUJRIZ.cif,161,C72 H68 N8 O12 Zn1,no,107,C50 H45 N5 O6 Zn1,no
TACPET.cif,171,C48 H56 O64 Zn3,yes,72,C18 H24 O27 Zn3,yes
TACPIX.cif,171,C48 H56 O64 Zn3,yes,72,C18 H24 O27 Zn3,yes
TADWIG.cif,626,C336 H216 O70 Zn4,no,133,C69 H46 O16 Zn2,no
TADWEC.cif,710,C364 H272 O70 Zn4,no,145,C73 H54 O16 Zn2,no
TATZIA.cif,107,C48 H36 N8 O12 S2 Zn1,no,77,C35 H28 N6 O6 S1 Zn1,no
TATPOV.cif,502,C228 H174 O96 Zn4,no,127,C59 H44 O22 Zn2,no
TAVCIF.cif,123,C52 H46 N12 O12 Zn1,yes,76,C32 H29 N7 O7 Zn1,no
TENLAC.cif,71,C32 Cl1 H25 N8 O4 Zn1,no,65,C30 Cl1 H21 N8 O4 Zn1,no
TENMAE.cif,356,C172 F6 H128 N6 O40 Zn4,no,111,C53 F2 H39 N3 O12 Zn2,no
TERFED.cif,315,C144 H96 N18 O54 Zn3,no,130,C59 H41 N3 O24 Zn3,no
TEQPAI.cif,149,C60 H48 O25 S12 Zn4,no,98,C45 H22 O15 S12 Zn4,no
TIFQUX.cif,660,C378 H236 O42 Zn4,no,137,C75 H48 O12 Zn2,no
TISNEQ.cif,121,C52 H44 N12 O12 Zn1,yes,79,C34 H29 N9 O6 Zn1,no
TETYAV.cif,271,C126 H100 N6 O36 Zn3,no,127,C56 H46 N6 O16 Zn3,no
TUMDAI.cif,147,C60 H50 N20 O16 Zn1,no,77,C28 H28 N14 O6 Zn1,no
TUMREA.cif,147,C60 H50 N20 O16 Zn1,yes,78,C31 H28 N10 O8 Zn1,no
TUZNOS.cif,155,C50 H86 N12 O6 Zn1,no,155,C50 H86 N12 O6 Zn1,no
TUVDAS.cif,191,C84 H78 N12 O16 Zn1,no,98,C39 H43 N7 O8 Zn1,no
UMEXUF.cif,163,C60 H50 O50 Zn3,no,107,C46 H36 O22 Zn3,no
URENEM.cif,366,C156 H110 N36 O60 Zn4,yes,109,C47 H35 N9 O16 Zn2,no
UVUDUM.cif,204,C80 H80 O40 Zn4,no,89,C38 H32 O17 Zn2,no
UWUTIQ.cif,246,C116 H89 N7 O30 Zn4,no,93,C45 H34 N2 O10 Zn2,yes
UZIGOB.cif,74,C22 H31 N8 O9 P3 Zn1,no,68,C22 H31 N8 O3 P3 Zn1,no
VAGJET.cif,84,C12 H30 O33 P6 Zn3,no,65,C7 H26 O23 P6 Zn3,no
UVUFUN.cif,532,C210 H255 N21 O42 Zn4,no,139,C53 H68 N6 O10 Zn2,no
VAGMAT.cif,480,C240 H176 N12 O48 Zn4,no,129,C61 H47 N5 O14 Zn2,no
VAGMEX.cif,480,C240 H176 N12 O48 Zn4,yes,129,C61 H47 N5 O14 Zn2,yes
VANHEA.cif,375,C198 H132 N6 O36 Zn3,no,137,C68 H48 N2 O16 Zn3,no
VARKOS.cif,472,C240 H148 N16 O48 S16 Zn4,no,133,C65 H46 N2 O14 S4 Zn2,no
VAJTEH.cif,105,C48 H36 N8 O8 S4 Zn1,yes,64,C28 H21 N5 O6 S3 Zn1,no
VEBHUG.cif,113,C48 H24 O25 S12 Zn4,no,92,C43 H18 O15 S12 Zn4,no
VEGGOG.cif,133,C64 H50 N10 O8 Zn1,no,74,C33 H28 N6 O6 Zn1,yes
VIGFAW.cif,444,C224 H158 N24 O34 Zn4,no,155,C76 H56 N6 O15 Zn2,no
VEGGUM.cif,133,C64 H50 N10 O8 Zn1,yes,74,C33 H28 N6 O6 Zn1,yes
VIRXIF.cif,81,C15 H32 N6 O21 P6 Zn1,no,74,C15 H34 N6 O12 P6 Zn1,no
VOJGOS.cif,284,C130 H100 N10 O40 Zn4,no,98,C46 H36 N2 O12 Zn2,no
VIHFOK.cif,418,C160 H118 N56 O80 Zn4,no,119,C45 H37 N17 O18 Zn2,no
VONDEJ.cif,101,C16 H52 O24 P8 Zn1,no,40,C4 H21 O9 P5 Zn1,no
VONBIK.cif,109,C48 H44 N6 O10 Zn1,no,79,C34 H32 N6 O6 Zn1,yes
VUQQAC.cif,276,C128 H88 N24 O32 Zn4,no,95,C41 H33 N9 O10 Zn2,no
VUQQEG.cif,216,C96 H70 N18 O28 Zn4,no,110,C46 H38 N6 O16 Zn4,no
WAQFIG.cif,310,C132 H96 N12 O60 S6 Zn4,no,102,C43 H35 N5 O16 S1 Zn2,no
VUQQIK.cif,121,C56 H46 N10 O8 Zn1,no,70,C33 H25 N5 O6 Zn1,yes
WAWGOQ.cif,91,C48 H30 N4 O8 Zn1,yes,91,C48 H30 N4 O8 Zn1,yes
WEBREC.cif,366,C180 H132 N8 O42 Zn4,no,108,C51 H38 N2 O15 Zn2,no
WEHHIC.cif,546,C222 H200 O120 Zn4,no,137,C58 H48 O29 Zn2,no
WEHHOI.cif,546,C222 H200 O120 Zn4,yes,137,C58 H48 O29 Zn2,yes
WEHHUO.cif,546,C222 H200 O120 Zn4,yes,137,C58 H48 O29 Zn2,yes
WEHJAW.cif,546,C222 H200 O120 Zn4,yes,137,C58 H48 O29 Zn2,yes
WEMNAF.cif,162,C52 H64 N36 O8 S1 Zn1,no,91,C28 H37 N21 O3 S1 Zn1,no
WETDUX.cif,109,C46 H36 N10 O16 Zn1,no,73,C32 H27 N7 O6 Zn1,no
WEHJOK.cif,546,C222 H200 O120 Zn4,yes,139,C58 H50 O29 Zn2,yes
WEXWAA.cif,574,C318 H204 O48 Zn4,no,140,C74 H50 O14 Zn2,no
WILHIK.cif,170,C69 H65 N3 O30 Zn3,no,134,C59 H51 N3 O18 Zn3,no
WINJAI.cif,135,C66 Cl1 H52 N9 O6 Zn1,no,71,C34 Cl1 H27 N4 O4 Zn1,no
WOBHEB.cif,123,C48 H36 O36 Zn3,yes,104,C43 H32 O26 Zn3,yes
WORSUT.cif,454,B8 C194 F16 H180 N20 O32 Zn4,no,141,B4 C61 F2 H52 N10 O10 Zn2,no
WEXWEE.cif,574,C318 H204 O48 Zn4,yes,138,C74 H48 O14 Zn2,yes
WOVCOC.cif,187,C90 H69 N27 Zn1,no,81,C36 H31 N13 Zn1,no
WOYJAX.cif,264,C114 H86 N12 O48 Zn4,no,94,C40 H33 N5 O14 Zn2,no
WOYJEB.cif,264,C114 H86 N12 O48 Zn4,yes,94,C40 H33 N5 O14 Zn2,yes
XACFAJ.cif,125,C36 H60 O24 P4 Zn1,no,53,C14 H26 O10 P2 Zn1,no
WUJWIK.cif,317,C146 H108 N16 O43 Zn4,no,103,C45 H36 N6 O14 Zn2,no
XAFFAN.cif,480,C240 H176 N12 O48 Zn4,yes,129,C61 H47 N5 O14 Zn2,yes
XAFFER.cif,316,C160 H112 N8 O32 Zn4,no,129,C61 H47 N5 O14 Zn2,yes
XAKCEV.cif,49,C14 H19 N11 O4 Zn1,yes,N/A,N/A,no
XATZOK.cif,193,C96 H72 N16 O8 Zn1,no,118,C59 H45 N9 O4 Zn1,no
XEKYUK.cif,148,C52 H38 N8 O40 P6 Zn4,no,68,C25 H24 N5 O9 P3 Zn2,no
XENMIO.cif,279,C126 H98 O52 Zn3,no,136,C56 H48 O29 Zn3,no
XENMOU.cif,279,C126 H98 O52 Zn3,yes,135,C56 H48 O28 Zn3,yes
XEXLIX.cif,348,C171 H102 N18 O54 Zn3,no,214,C105 H64 N14 O28 Zn3,no
XEXLOD.cif,348,C171 H102 N18 O54 Zn3,yes,214,C105 H64 N14 O28 Zn3,yes
XEXLUJ.cif,348,C171 H102 N18 O54 Zn3,yes,214,C105 H64 N14 O28 Zn3,yes
XEXMAQ.cif,348,C171 H102 N18 O54 Zn3,yes,214,C105 H64 N14 O28 Zn3,yes
XEXMEU.cif,348,C171 H102 N18 O54 Zn3,yes,214,C105 H64 N14 O28 Zn3,yes
XEZNEY.cif,57,C24 H23 N9 Zn1,no,39,C16 H16 N6 Zn1,no
XICTAH.cif,265,C132 H96 N4 O30 Zn3,no,146,C71 H51 N3 O18 Zn3,no
XIDBUJ.cif,111,C50 H41 N9 O10 Zn1,no,68,C29 H25 N5 O8 Zn1,no
XILLIP.cif,93,C40 H34 N18 Zn1,no,58,C21 H24 N12 Zn1,no
XILLOW.cif,150,C72 H52 N20 O4 S1 Zn1,no,74,C33 H30 N8 O1 S1 Zn1,no
XINWUO.cif,36,C9 H17 N9 Zn1,no,N/A,N/A,no
XOGJOV.cif,49,C18 H15 N5 O10 Zn1,no,N/A,N/A,no
XOLCEJ.cif,278,C132 H92 O50 Zn4,yes,119,C57 H38 O20 Zn4,no
XULRIH.cif,49,C18 H17 N5 O6 P2 Zn1,no,N/A,N/A,no
XUXPUD.cif,183,C84 H60 O36 Zn3,no,120,C55 H40 O22 Zn3,no
YALTIS.cif,436,C194 H146 N22 O70 Zn4,no,121,C53 H40 N4 O22 Zn2,no
YALTOY.cif,436,C194 H146 N22 O70 Zn4,yes,121,C53 H40 N4 O22 Zn2,yes
YAXHAK.cif,659,C352 H236 O66 Zn5,no,255,C130 H90 O30 Zn5,no
YECBAN.cif,528,C252 H164 O72 S36 Zn4,no,134,C63 H42 O18 S9 Zn2,no
YEKQOW.cif,98,C36 H28 O31 Zn3,no,77,C31 H22 O21 Zn3,no
YEPKOW.cif,352,C196 H124 O28 Zn4,no,93,C49 H32 O10 Zn2,no
YEPLEN.cif,410,C224 H144 O36 Zn6,no,194,C98 H66 O24 Zn6,no
YEPLIR.cif,384,C208 H140 N8 O24 Zn4,no,115,C59 H42 N2 O10 Zn2,no
YEXLAR.cif,57,C24 H16 N6 O10 Zn1,no,54,C23 H16 N6 O8 Zn1,no
YEZFIU.cif,78,C18 H32 N24 O3 Zn1,no,47,C9 H17 N19 O1 Zn1,no
YOGKOW.cif,348,C180 H116 O48 Zn4,no,101,C51 H34 O14 Zn2,no
YORQII.cif,153,C64 H56 N16 O16 Zn1,no,79,C32 H29 N9 O8 Zn1,no
YOVCAP.cif,427,C216 H138 O72 Zn1,no,171,C86 H56 O28 Zn1,no
YOYBUL.cif,181,C92 H66 N10 O12 Zn1,no,93,C46 H35 N5 O6 Zn1,no
YUJCOX.cif,163,C60 H50 O50 Zn3,yes,107,C46 H36 O22 Zn3,yes
YUSGID.cif,233,C100 H82 N6 O37 S5 Zn3,no,151,C64 H64 N4 O11 S5 Zn3,no
YUSGOJ.cif,353,C160 H136 N12 O37 S5 Zn3,no,191,C84 H82 N6 O11 S5 Zn3,no
YUZBIG.cif,66,C15 H26 N24 Zn1,no,42,C9 H16 N16 Zn1,no
YUZCAZ.cif,66,C15 H26 N24 Zn1,yes,42,C9 H16 N16 Zn1,yes
YUZPEQ.cif,420,C192 H132 N40 O52 Zn4,no,157,C69 H53 N13 O20 Zn2,no
YUZPIU.cif,456,C216 H148 N36 O52 Zn4,no,167,C75 H58 N12 O20 Zn2,no
YUZPOA.cif,332,C144 H96 N36 O52 Zn4,no,135,C57 H44 N12 O20 Zn2,no
ZELROZ.cif,185,C84 H60 O37 Zn4,no,109,C49 H34 O22 Zn4,no
ZIKCED.cif,318,C144 H112 N14 O44 Zn4,no,160,C71 H58 N8 O19 Zn4,no
ZILBUT.cif,245,C108 H108 O25 Zn4,yes,114,C53 H42 O15 Zn4,yes
ZIWLUO.cif,214,C92 H69 N29 O20 Zn4,no,96,C41 H31 N13 O9 Zn2,no
ZOMNOG.cif,129,C42 H64 N12 O8 S2 Zn1,no,89,C28 H48 N8 O2 S2 Zn1,no
ZOSQEG.cif,654,C368 H266 O16 Zn4,no,209,C113 H82 O10 Zn4,no
